1027,9785vg6d,1
1026,9785vg6d,1
1025,9785vg6d,1
1024,9785vg6d,1
1023,9785vg6d,1
1021,9785vg6d,1
1020,9785vg6d,1
1019,9785vg6d,1
1018,9785vg6d,1
1017,9785vg6d,1
1016,9785vg6d,1
1015,9785vg6d,1
1014,9785vg6d,1
1013,9785vg6d,1
1000,9785vg6d,1
1022,9785vg6d,1
1002,9785vg6d,1
1006,9785vg6d,1
1008,9785vg6d,1
1001,9785vg6d,2
1003,9785vg6d,1
1004,9785vg6d,1
1005,9785vg6d,1
1007,9785vg6d,1
1009,9785vg6d,1
1010,9785vg6d,1
1011,9785vg6d,1
1012,9785vg6d,1
1081,zjufx4fo,1
1078,zjufx4fo,1
1075,zjufx4fo,1
1074,zjufx4fo,1
1073,zjufx4fo,1
1079,zjufx4fo,1
1070,zjufx4fo,1
1069,zjufx4fo,1
1068,zjufx4fo,1
1067,zjufx4fo,1
1066,zjufx4fo,1
1064,zjufx4fo,1
1071,zjufx4fo,1
1062,zjufx4fo,1
1061,zjufx4fo,1
1060,zjufx4fo,1
1059,zjufx4fo,1
1058,zjufx4fo,1
1010,zjufx4fo,1
1056,zjufx4fo,1
1055,zjufx4fo,1
1072,zjufx4fo,1
1076,zjufx4fo,1
1080,zjufx4fo,1
1034,zjufx4fo,3
1032,zjufx4fo,1
1077,zjufx4fo,1
1031,zjufx4fo,2
1048,zjufx4fo,1
1030,zjufx4fo,4
1057,zjufx4fo,1
1035,zjufx4fo,1
1041,zjufx4fo,1
1029,zjufx4fo,1
1028,zjufx4fo,1
1036,zjufx4fo,1
1037,zjufx4fo,1
1038,zjufx4fo,1
1033,zjufx4fo,1
1039,zjufx4fo,1
1040,zjufx4fo,1
1042,zjufx4fo,2
1043,zjufx4fo,1
1044,zjufx4fo,1
1053,zjufx4fo,1
1045,zjufx4fo,1
1065,zjufx4fo,6
1063,zjufx4fo,1
1050,zjufx4fo,2
1046,zjufx4fo,2
1047,zjufx4fo,1
1049,zjufx4fo,1
1051,zjufx4fo,1
1052,zjufx4fo,1
1011,zjufx4fo,1
1054,zjufx4fo,2
1120,ymceytj3,1
1118,ymceytj3,1
1014,ymceytj3,1
1114,ymceytj3,1
1113,ymceytj3,1
1011,ymceytj3,2
1010,ymceytj3,1
1092,ymceytj3,2
1090,ymceytj3,1
1100,ymceytj3,1
1089,ymceytj3,1
1084,ymceytj3,4
1088,ymceytj3,1
1087,ymceytj3,1
1115,ymceytj3,2
1102,ymceytj3,1
1085,ymceytj3,2
1096,ymceytj3,1
1091,ymceytj3,1
1097,ymceytj3,1
1116,ymceytj3,1
1107,ymceytj3,1
1111,ymceytj3,1
1098,ymceytj3,1
1083,ymceytj3,5
1082,ymceytj3,2
1112,ymceytj3,1
1099,ymceytj3,1
1109,ymceytj3,1
1086,ymceytj3,1
1093,ymceytj3,1
1094,ymceytj3,1
1119,ymceytj3,1
1110,ymceytj3,1
1095,ymceytj3,1
1117,ymceytj3,1
1101,ymceytj3,1
1103,ymceytj3,1
1104,ymceytj3,1
1105,ymceytj3,2
1106,ymceytj3,1
1108,ymceytj3,1
1155,wzj2glte,1
1153,wzj2glte,1
1151,wzj2glte,2
1150,wzj2glte,1
1149,wzj2glte,1
1148,wzj2glte,1
1147,wzj2glte,1
1146,wzj2glte,1
1145,wzj2glte,1
1144,wzj2glte,1
1143,wzj2glte,1
1127,wzj2glte,2
1126,wzj2glte,1
1125,wzj2glte,1
1124,wzj2glte,1
1123,wzj2glte,1
1132,wzj2glte,1
1152,wzj2glte,1
1122,wzj2glte,1
1141,wzj2glte,1
1140,wzj2glte,1
1121,wzj2glte,5
1157,wzj2glte,1
1128,wzj2glte,1
1135,wzj2glte,1
1131,wzj2glte,1
1093,wzj2glte,1
1129,wzj2glte,1
1154,wzj2glte,1
1136,wzj2glte,2
1130,wzj2glte,1
1133,wzj2glte,1
1156,wzj2glte,1
1134,wzj2glte,1
1142,wzj2glte,1
1010,wzj2glte,1
1137,wzj2glte,1
1011,wzj2glte,2
1138,wzj2glte,1
1139,wzj2glte,1
1203,2sfqsfm1,1
1202,2sfqsfm1,1
1201,2sfqsfm1,1
1200,2sfqsfm1,1
1197,2sfqsfm1,1
1100,2sfqsfm1,1
1120,2sfqsfm1,1
1196,2sfqsfm1,1
1106,2sfqsfm1,1
1195,2sfqsfm1,1
1194,2sfqsfm1,1
1193,2sfqsfm1,1
1191,2sfqsfm1,1
1189,2sfqsfm1,1
1105,2sfqsfm1,1
1186,2sfqsfm1,1
1058,2sfqsfm1,1
1185,2sfqsfm1,1
1184,2sfqsfm1,1
1103,2sfqsfm1,3
1183,2sfqsfm1,1
1182,2sfqsfm1,1
1098,2sfqsfm1,1
1179,2sfqsfm1,1
1178,2sfqsfm1,1
1192,2sfqsfm1,1
1177,2sfqsfm1,1
1176,2sfqsfm1,2
1081,2sfqsfm1,1
1187,2sfqsfm1,1
1165,2sfqsfm1,1
1190,2sfqsfm1,1
1159,2sfqsfm1,2
1181,2sfqsfm1,1
1199,2sfqsfm1,1
1160,2sfqsfm1,1
1171,2sfqsfm1,1
1170,2sfqsfm1,1
1172,2sfqsfm1,1
1169,2sfqsfm1,2
1168,2sfqsfm1,1
1173,2sfqsfm1,1
1127,2sfqsfm1,1
1174,2sfqsfm1,1
1198,2sfqsfm1,1
1175,2sfqsfm1,1
1158,2sfqsfm1,1
1188,2sfqsfm1,1
1161,2sfqsfm1,1
1010,2sfqsfm1,1
1162,2sfqsfm1,1
1163,2sfqsfm1,1
1164,2sfqsfm1,1
1166,2sfqsfm1,1
1167,2sfqsfm1,1
1180,2sfqsfm1,1
1245,i0zym7iq,1
1012,i0zym7iq,1
1243,i0zym7iq,1
1242,i0zym7iq,1
1241,i0zym7iq,1
1244,i0zym7iq,1
1240,i0zym7iq,1
1238,i0zym7iq,1
1237,i0zym7iq,1
1236,i0zym7iq,1
1235,i0zym7iq,3
1234,i0zym7iq,1
1239,i0zym7iq,1
1050,i0zym7iq,1
1034,i0zym7iq,1
1227,i0zym7iq,1
1031,i0zym7iq,1
1215,i0zym7iq,1
1038,i0zym7iq,3
1212,i0zym7iq,1
1211,i0zym7iq,1
1232,i0zym7iq,1
1081,i0zym7iq,1
1208,i0zym7iq,1
1230,i0zym7iq,1
1214,i0zym7iq,1
1037,i0zym7iq,1
1226,i0zym7iq,1
1204,i0zym7iq,1
1029,i0zym7iq,1
1106,i0zym7iq,1
1233,i0zym7iq,1
1210,i0zym7iq,1
1206,i0zym7iq,1
1228,i0zym7iq,1
1205,i0zym7iq,1
1028,i0zym7iq,5
1213,i0zym7iq,1
1130,i0zym7iq,1
1041,i0zym7iq,1
1218,i0zym7iq,5
1231,i0zym7iq,1
1209,i0zym7iq,1
1011,i0zym7iq,2
1207,i0zym7iq,1
1229,i0zym7iq,1
1030,i0zym7iq,4
1036,i0zym7iq,1
1216,i0zym7iq,1
1217,i0zym7iq,1
1040,i0zym7iq,1
1219,i0zym7iq,1
1073,i0zym7iq,1
1225,i0zym7iq,1
1220,i0zym7iq,1
1221,i0zym7iq,1
1222,i0zym7iq,1
1223,i0zym7iq,1
1224,i0zym7iq,1
1042,i0zym7iq,1
1278,5yhe786e,1
1277,5yhe786e,1
1231,5yhe786e,1
1266,5yhe786e,1
1265,5yhe786e,1
1264,5yhe786e,1
1263,5yhe786e,1
1262,5yhe786e,1
1270,5yhe786e,1
1259,5yhe786e,1
1247,5yhe786e,1
1269,5yhe786e,1
1246,5yhe786e,1
1268,5yhe786e,1
1249,5yhe786e,1
1271,5yhe786e,1
1272,5yhe786e,1
1250,5yhe786e,1
1267,5yhe786e,1
1276,5yhe786e,1
1254,5yhe786e,1
1273,5yhe786e,1
1251,5yhe786e,1
1274,5yhe786e,2
1252,5yhe786e,1
1275,5yhe786e,1
1253,5yhe786e,1
1257,5yhe786e,1
1239,5yhe786e,2
1248,5yhe786e,1
1001,5yhe786e,1
1255,5yhe786e,1
1261,5yhe786e,1
1007,5yhe786e,1
1256,5yhe786e,1
1258,5yhe786e,1
1260,5yhe786e,1
1311,8zchiykl,1
1310,8zchiykl,1
1309,8zchiykl,1
1064,8zchiykl,1
1308,8zchiykl,1
1280,8zchiykl,1
1285,8zchiykl,1
1301,8zchiykl,1
1282,8zchiykl,1
1283,8zchiykl,1
1286,8zchiykl,1
1284,8zchiykl,1
1295,8zchiykl,1
1279,8zchiykl,1
1287,8zchiykl,1
1288,8zchiykl,1
1289,8zchiykl,1
1290,8zchiykl,1
1291,8zchiykl,1
1292,8zchiykl,1
1281,8zchiykl,1
1304,8zchiykl,1
1293,8zchiykl,1
1294,8zchiykl,1
1296,8zchiykl,1
1297,8zchiykl,1
1298,8zchiykl,1
1299,8zchiykl,1
1300,8zchiykl,1
1302,8zchiykl,1
1303,8zchiykl,1
1305,8zchiykl,1
1306,8zchiykl,1
1307,8zchiykl,1
1381,xqhn0vbp,1
1380,xqhn0vbp,1
1379,xqhn0vbp,1
1378,xqhn0vbp,1
1238,xqhn0vbp,1
1377,xqhn0vbp,1
1376,xqhn0vbp,1
1375,xqhn0vbp,1
1374,xqhn0vbp,1
1372,xqhn0vbp,1
1371,xqhn0vbp,1
1370,xqhn0vbp,1
1324,xqhn0vbp,1
1011,xqhn0vbp,5
1361,xqhn0vbp,1
1329,xqhn0vbp,1
1321,xqhn0vbp,1
1369,xqhn0vbp,1
1357,xqhn0vbp,1
1334,xqhn0vbp,2
1316,xqhn0vbp,1
1322,xqhn0vbp,1
1256,xqhn0vbp,2
1359,xqhn0vbp,1
1344,xqhn0vbp,1
1313,xqhn0vbp,2
1320,xqhn0vbp,2
1373,xqhn0vbp,1
1319,xqhn0vbp,1
1326,xqhn0vbp,1
1317,xqhn0vbp,1
1340,xqhn0vbp,1
1323,xqhn0vbp,2
1314,xqhn0vbp,1
1346,xqhn0vbp,3
1325,xqhn0vbp,3
1367,xqhn0vbp,1
1352,xqhn0vbp,1
1353,xqhn0vbp,1
1331,xqhn0vbp,1
1349,xqhn0vbp,1
1354,xqhn0vbp,1
1327,xqhn0vbp,1
1328,xqhn0vbp,1
1351,xqhn0vbp,1
1330,xqhn0vbp,1
1332,xqhn0vbp,1
1333,xqhn0vbp,2
1335,xqhn0vbp,1
1262,xqhn0vbp,1
1336,xqhn0vbp,1
1080,xqhn0vbp,1
1337,xqhn0vbp,4
1338,xqhn0vbp,1
1339,xqhn0vbp,3
1341,xqhn0vbp,1
1342,xqhn0vbp,1
1343,xqhn0vbp,2
1345,xqhn0vbp,1
1347,xqhn0vbp,1
1348,xqhn0vbp,1
1350,xqhn0vbp,1
1137,xqhn0vbp,1
1355,xqhn0vbp,1
1312,xqhn0vbp,1
1356,xqhn0vbp,1
1315,xqhn0vbp,1
1318,xqhn0vbp,1
1131,xqhn0vbp,1
1358,xqhn0vbp,1
1360,xqhn0vbp,1
1362,xqhn0vbp,1
1363,xqhn0vbp,1
1107,xqhn0vbp,1
1364,xqhn0vbp,1
1365,xqhn0vbp,1
1366,xqhn0vbp,1
1368,xqhn0vbp,1
1398,gi6uaa83,1
1397,gi6uaa83,1
1396,gi6uaa83,1
1394,gi6uaa83,1
1393,gi6uaa83,1
1390,gi6uaa83,1
1399,gi6uaa83,1
1404,gi6uaa83,1
1168,gi6uaa83,1
1403,gi6uaa83,1
1402,gi6uaa83,1
1382,gi6uaa83,1
1392,gi6uaa83,1
1401,gi6uaa83,1
1400,gi6uaa83,1
1395,gi6uaa83,1
1384,gi6uaa83,1
1383,gi6uaa83,1
1385,gi6uaa83,1
1389,gi6uaa83,1
1386,gi6uaa83,1
1387,gi6uaa83,1
1388,gi6uaa83,1
1391,gi6uaa83,1
1451,0m32ecnu,1
1107,0m32ecnu,1
1437,0m32ecnu,1
1239,0m32ecnu,1
1436,0m32ecnu,1
1434,0m32ecnu,1
1433,0m32ecnu,1
1438,0m32ecnu,1
1432,0m32ecnu,1
1431,0m32ecnu,2
1452,0m32ecnu,1
1430,0m32ecnu,3
1048,0m32ecnu,1
1429,0m32ecnu,1
1428,0m32ecnu,1
1427,0m32ecnu,1
1426,0m32ecnu,1
1425,0m32ecnu,1
1423,0m32ecnu,1
1422,0m32ecnu,1
1005,0m32ecnu,1
1449,0m32ecnu,1
1418,0m32ecnu,2
1407,0m32ecnu,1
1405,0m32ecnu,2
1406,0m32ecnu,1
1450,0m32ecnu,1
1448,0m32ecnu,1
1447,0m32ecnu,1
1416,0m32ecnu,1
1421,0m32ecnu,1
1435,0m32ecnu,1
1439,0m32ecnu,1
1408,0m32ecnu,1
1409,0m32ecnu,1
1441,0m32ecnu,1
1404,0m32ecnu,1
1440,0m32ecnu,1
1417,0m32ecnu,1
1446,0m32ecnu,1
1415,0m32ecnu,1
1443,0m32ecnu,1
1412,0m32ecnu,1
1444,0m32ecnu,2
1413,0m32ecnu,1
1445,0m32ecnu,1
1414,0m32ecnu,1
1424,0m32ecnu,2
1442,0m32ecnu,1
1411,0m32ecnu,2
1075,0m32ecnu,1
1081,0m32ecnu,1
1010,0m32ecnu,1
1011,0m32ecnu,3
1212,0m32ecnu,1
1420,0m32ecnu,3
1410,0m32ecnu,1
1419,0m32ecnu,2
1038,0m32ecnu,1
1456,le0ogx1s,1
1455,le0ogx1s,1
1457,le0ogx1s,1
1458,le0ogx1s,2
1461,le0ogx1s,1
1459,le0ogx1s,1
1460,le0ogx1s,1
1453,le0ogx1s,1
1454,le0ogx1s,1
1512,8qnrcgnk,1
1269,8qnrcgnk,1
1507,8qnrcgnk,1
1506,8qnrcgnk,1
1504,8qnrcgnk,1
1262,8qnrcgnk,1
1503,8qnrcgnk,1
1502,8qnrcgnk,1
1514,8qnrcgnk,1
1133,8qnrcgnk,1
1020,8qnrcgnk,1
1499,8qnrcgnk,1
1498,8qnrcgnk,1
1496,8qnrcgnk,1
1495,8qnrcgnk,1
1494,8qnrcgnk,1
1493,8qnrcgnk,1
1510,8qnrcgnk,1
1492,8qnrcgnk,1
1110,8qnrcgnk,1
1491,8qnrcgnk,1
1490,8qnrcgnk,1
1489,8qnrcgnk,1
1487,8qnrcgnk,1
1486,8qnrcgnk,1
1485,8qnrcgnk,1
1500,8qnrcgnk,1
1463,8qnrcgnk,1
1488,8qnrcgnk,1
1484,8qnrcgnk,1
1479,8qnrcgnk,1
1057,8qnrcgnk,6
1478,8qnrcgnk,1
1501,8qnrcgnk,1
1464,8qnrcgnk,1
1511,8qnrcgnk,1
1508,8qnrcgnk,1
1465,8qnrcgnk,1
1471,8qnrcgnk,1
1466,8qnrcgnk,1
1467,8qnrcgnk,1
1080,8qnrcgnk,1
1513,8qnrcgnk,1
1472,8qnrcgnk,1
1509,8qnrcgnk,1
1001,8qnrcgnk,1
1473,8qnrcgnk,1
1462,8qnrcgnk,9
1469,8qnrcgnk,1
1470,8qnrcgnk,1
1497,8qnrcgnk,1
1474,8qnrcgnk,1
1475,8qnrcgnk,1
1476,8qnrcgnk,1
1477,8qnrcgnk,1
1480,8qnrcgnk,1
1481,8qnrcgnk,1
1482,8qnrcgnk,1
1505,8qnrcgnk,1
1483,8qnrcgnk,1
1468,8qnrcgnk,1
1330,8qnrcgnk,1
1556,3oxzzxnd,1
1554,3oxzzxnd,1
1557,3oxzzxnd,1
1176,3oxzzxnd,1
1553,3oxzzxnd,1
1552,3oxzzxnd,1
1057,3oxzzxnd,1
1558,3oxzzxnd,1
1431,3oxzzxnd,1
1548,3oxzzxnd,1
1546,3oxzzxnd,1
1545,3oxzzxnd,1
1549,3oxzzxnd,1
1555,3oxzzxnd,1
1542,3oxzzxnd,1
1527,3oxzzxnd,1
1525,3oxzzxnd,1
1547,3oxzzxnd,1
1522,3oxzzxnd,1
1526,3oxzzxnd,2
1520,3oxzzxnd,1
1481,3oxzzxnd,1
1540,3oxzzxnd,1
1551,3oxzzxnd,1
1544,3oxzzxnd,1
1528,3oxzzxnd,2
1523,3oxzzxnd,1
1122,3oxzzxnd,1
1535,3oxzzxnd,1
1515,3oxzzxnd,1
1530,3oxzzxnd,1
1081,3oxzzxnd,1
1516,3oxzzxnd,1
1517,3oxzzxnd,5
1524,3oxzzxnd,1
1543,3oxzzxnd,1
1539,3oxzzxnd,1
1471,3oxzzxnd,1
1521,3oxzzxnd,1
1541,3oxzzxnd,1
1402,3oxzzxnd,1
1529,3oxzzxnd,1
1531,3oxzzxnd,2
1120,3oxzzxnd,2
1533,3oxzzxnd,1
1532,3oxzzxnd,2
1519,3oxzzxnd,2
1011,3oxzzxnd,2
1071,3oxzzxnd,1
1534,3oxzzxnd,1
1518,3oxzzxnd,7
1010,3oxzzxnd,1
1536,3oxzzxnd,1
1538,3oxzzxnd,1
1550,3oxzzxnd,1
1042,3oxzzxnd,1
1537,3oxzzxnd,1
1628,fy4w7xz8,1
1256,fy4w7xz8,1
1626,fy4w7xz8,1
1625,fy4w7xz8,1
1624,fy4w7xz8,1
1622,fy4w7xz8,2
1389,fy4w7xz8,1
1619,fy4w7xz8,1
1165,fy4w7xz8,1
1617,fy4w7xz8,1
1615,fy4w7xz8,1
1437,fy4w7xz8,1
1611,fy4w7xz8,1
1609,fy4w7xz8,1
1608,fy4w7xz8,1
1529,fy4w7xz8,1
1607,fy4w7xz8,2
1606,fy4w7xz8,1
1605,fy4w7xz8,1
1265,fy4w7xz8,4
1567,fy4w7xz8,1
1571,fy4w7xz8,1
1570,fy4w7xz8,3
1568,fy4w7xz8,1
1566,fy4w7xz8,1
1565,fy4w7xz8,4
1573,fy4w7xz8,2
1613,fy4w7xz8,1
1616,fy4w7xz8,1
1610,fy4w7xz8,1
1096,fy4w7xz8,1
1604,fy4w7xz8,5
1595,fy4w7xz8,1
1554,fy4w7xz8,1
1618,fy4w7xz8,1
1600,fy4w7xz8,1
1598,fy4w7xz8,2
1620,fy4w7xz8,1
1363,fy4w7xz8,3
1564,fy4w7xz8,1
1563,fy4w7xz8,1
1603,fy4w7xz8,1
1585,fy4w7xz8,1
1431,fy4w7xz8,1
1315,fy4w7xz8,1
1572,fy4w7xz8,1
1580,fy4w7xz8,3
1562,fy4w7xz8,1
1597,fy4w7xz8,1
1340,fy4w7xz8,2
1594,fy4w7xz8,4
1599,fy4w7xz8,1
1559,fy4w7xz8,1
1612,fy4w7xz8,2
1355,fy4w7xz8,1
1560,fy4w7xz8,1
1623,fy4w7xz8,1
1087,fy4w7xz8,1
1601,fy4w7xz8,2
1569,fy4w7xz8,1
1312,fy4w7xz8,1
1561,fy4w7xz8,1
1221,fy4w7xz8,1
1602,fy4w7xz8,1
1574,fy4w7xz8,1
1407,fy4w7xz8,1
1576,fy4w7xz8,3
1577,fy4w7xz8,1
1321,fy4w7xz8,1
1578,fy4w7xz8,1
1579,fy4w7xz8,1
1581,fy4w7xz8,6
1068,fy4w7xz8,1
1582,fy4w7xz8,1
1583,fy4w7xz8,1
1584,fy4w7xz8,1
1586,fy4w7xz8,1
1587,fy4w7xz8,2
1588,fy4w7xz8,1
1589,fy4w7xz8,1
1590,fy4w7xz8,1
1591,fy4w7xz8,1
1592,fy4w7xz8,1
1593,fy4w7xz8,1
1596,fy4w7xz8,1
1575,fy4w7xz8,1
1621,fy4w7xz8,1
1107,fy4w7xz8,1
1627,fy4w7xz8,1
1614,fy4w7xz8,2
1100,fy4w7xz8,2
1481,fy4w7xz8,1
1005,fy4w7xz8,1
1688,jg13scgo,1
1686,jg13scgo,1
1684,jg13scgo,1
1683,jg13scgo,1
1682,jg13scgo,1
1681,jg13scgo,1
1679,jg13scgo,1
1677,jg13scgo,1
1675,jg13scgo,1
1674,jg13scgo,1
1673,jg13scgo,1
1470,jg13scgo,1
1670,jg13scgo,1
1669,jg13scgo,1
1668,jg13scgo,1
1667,jg13scgo,1
1666,jg13scgo,1
1665,jg13scgo,1
1685,jg13scgo,1
1431,jg13scgo,1
1661,jg13scgo,1
1660,jg13scgo,1
1659,jg13scgo,1
1658,jg13scgo,1
1657,jg13scgo,1
1656,jg13scgo,1
1655,jg13scgo,1
1654,jg13scgo,1
1652,jg13scgo,1
1672,jg13scgo,1
1096,jg13scgo,1
1637,jg13scgo,1
1630,jg13scgo,1
1629,jg13scgo,1
1632,jg13scgo,1
1663,jg13scgo,1
1653,jg13scgo,1
1649,jg13scgo,1
1678,jg13scgo,1
1633,jg13scgo,1
1631,jg13scgo,1
1642,jg13scgo,1
1093,jg13scgo,1
1671,jg13scgo,1
1634,jg13scgo,1
1027,jg13scgo,1
1662,jg13scgo,2
1664,jg13scgo,1
1687,jg13scgo,1
1638,jg13scgo,1
1676,jg13scgo,1
1635,jg13scgo,1
1680,jg13scgo,1
1045,jg13scgo,1
1636,jg13scgo,2
1639,jg13scgo,1
1640,jg13scgo,1
1363,jg13scgo,1
1514,jg13scgo,1
1133,jg13scgo,1
1641,jg13scgo,1
1643,jg13scgo,1
1644,jg13scgo,1
1645,jg13scgo,1
1647,jg13scgo,1
1648,jg13scgo,1
1646,jg13scgo,1
1138,jg13scgo,1
1650,jg13scgo,1
1651,jg13scgo,1
1752,0qaoam29,1
1751,0qaoam29,1
1750,0qaoam29,1
1431,0qaoam29,1
1745,0qaoam29,1
1744,0qaoam29,1
1245,0qaoam29,1
1743,0qaoam29,1
1741,0qaoam29,1
1740,0qaoam29,1
1023,0qaoam29,1
1739,0qaoam29,1
1738,0qaoam29,1
1737,0qaoam29,1
1736,0qaoam29,1
1221,0qaoam29,1
1735,0qaoam29,1
1734,0qaoam29,1
1733,0qaoam29,1
1732,0qaoam29,1
1731,0qaoam29,1
1473,0qaoam29,1
1730,0qaoam29,1
1404,0qaoam29,1
1729,0qaoam29,1
1728,0qaoam29,1
1749,0qaoam29,1
1096,0qaoam29,2
1702,0qaoam29,1
1686,0qaoam29,1
1706,0qaoam29,1
1011,0qaoam29,6
1746,0qaoam29,1
1701,0qaoam29,1
1695,0qaoam29,1
1437,0qaoam29,1
1694,0qaoam29,1
1711,0qaoam29,1
1707,0qaoam29,1
1700,0qaoam29,2
1698,0qaoam29,3
1699,0qaoam29,1
1045,0qaoam29,1
1696,0qaoam29,2
1630,0qaoam29,1
1107,0qaoam29,3
1697,0qaoam29,1
1507,0qaoam29,1
1693,0qaoam29,1
1689,0qaoam29,2
1705,0qaoam29,1
1691,0qaoam29,1
1747,0qaoam29,1
1727,0qaoam29,1
1712,0qaoam29,1
1748,0qaoam29,1
1312,0qaoam29,1
1742,0qaoam29,1
1690,0qaoam29,4
1692,0qaoam29,1
1616,0qaoam29,1
1093,0qaoam29,1
1703,0qaoam29,1
1077,0qaoam29,1
1704,0qaoam29,1
1378,0qaoam29,1
1666,0qaoam29,1
1623,0qaoam29,1
1362,0qaoam29,1
1554,0qaoam29,3
1415,0qaoam29,3
1708,0qaoam29,2
1327,0qaoam29,1
1709,0qaoam29,1
1710,0qaoam29,1
1713,0qaoam29,1
1586,0qaoam29,1
1305,0qaoam29,1
1048,0qaoam29,1
1714,0qaoam29,1
1715,0qaoam29,1
1716,0qaoam29,1
1725,0qaoam29,1
1717,0qaoam29,1
1718,0qaoam29,1
1719,0qaoam29,1
1720,0qaoam29,2
1209,0qaoam29,1
1723,0qaoam29,1
1466,0qaoam29,1
1721,0qaoam29,1
1726,0qaoam29,1
1722,0qaoam29,1
1724,0qaoam29,1
1626,0qaoam29,1
1360,0qaoam29,1
1794,qj4dh6rg,1
1089,qj4dh6rg,1
1793,qj4dh6rg,1
1792,qj4dh6rg,1
1791,qj4dh6rg,1
1790,qj4dh6rg,1
1445,qj4dh6rg,1
1105,qj4dh6rg,1
1759,qj4dh6rg,2
1757,qj4dh6rg,1
1085,qj4dh6rg,1
1756,qj4dh6rg,1
1770,qj4dh6rg,2
1783,qj4dh6rg,1
1760,qj4dh6rg,1
1096,qj4dh6rg,2
1758,qj4dh6rg,1
1754,qj4dh6rg,1
1765,qj4dh6rg,1
1753,qj4dh6rg,1
1052,qj4dh6rg,1
1195,qj4dh6rg,2
1134,qj4dh6rg,1
1769,qj4dh6rg,1
1755,qj4dh6rg,1
1312,qj4dh6rg,1
1098,qj4dh6rg,2
1788,qj4dh6rg,1
1540,qj4dh6rg,1
1761,qj4dh6rg,1
1775,qj4dh6rg,1
1762,qj4dh6rg,4
1249,qj4dh6rg,1
1763,qj4dh6rg,1
1507,qj4dh6rg,1
1764,qj4dh6rg,1
1183,qj4dh6rg,1
1766,qj4dh6rg,1
1080,qj4dh6rg,1
1177,qj4dh6rg,1
1100,qj4dh6rg,1
1767,qj4dh6rg,1
1771,qj4dh6rg,2
1047,qj4dh6rg,1
1772,qj4dh6rg,3
1516,qj4dh6rg,1
1773,qj4dh6rg,3
1147,qj4dh6rg,1
1011,qj4dh6rg,1
1782,qj4dh6rg,1
1774,qj4dh6rg,1
1776,qj4dh6rg,1
1777,qj4dh6rg,1
1789,qj4dh6rg,1
1521,qj4dh6rg,2
1778,qj4dh6rg,1
1779,qj4dh6rg,1
1609,qj4dh6rg,1
1780,qj4dh6rg,1
1677,qj4dh6rg,1
1711,qj4dh6rg,1
1768,qj4dh6rg,1
1781,qj4dh6rg,1
1784,qj4dh6rg,2
1785,qj4dh6rg,2
1786,qj4dh6rg,1
1787,qj4dh6rg,1
1848,1wswi7us,1
1139,1wswi7us,1
1847,1wswi7us,1
1405,1wswi7us,1
1744,1wswi7us,1
1845,1wswi7us,1
1844,1wswi7us,1
1843,1wswi7us,1
1842,1wswi7us,1
1841,1wswi7us,1
1840,1wswi7us,1
1839,1wswi7us,1
1838,1wswi7us,1
1512,1wswi7us,1
1803,1wswi7us,2
1174,1wswi7us,1
1809,1wswi7us,1
1802,1wswi7us,2
1212,1wswi7us,1
1466,1wswi7us,1
1796,1wswi7us,1
1828,1wswi7us,1
1798,1wswi7us,1
1163,1wswi7us,1
1801,1wswi7us,4
1045,1wswi7us,1
1816,1wswi7us,1
1391,1wswi7us,1
1820,1wswi7us,2
1846,1wswi7us,1
1825,1wswi7us,1
1096,1wswi7us,2
1731,1wswi7us,1
1155,1wswi7us,2
1717,1wswi7us,1
1797,1wswi7us,1
1015,1wswi7us,3
1597,1wswi7us,1
1799,1wswi7us,1
1164,1wswi7us,1
1800,1wswi7us,1
1795,1wswi7us,1
1807,1wswi7us,2
1813,1wswi7us,1
1806,1wswi7us,1
1835,1wswi7us,1
1808,1wswi7us,1
1810,1wswi7us,1
1811,1wswi7us,1
1226,1wswi7us,1
1812,1wswi7us,1
1660,1wswi7us,1
1833,1wswi7us,1
1814,1wswi7us,1
1815,1wswi7us,1
1666,1wswi7us,4
1827,1wswi7us,1
1363,1wswi7us,1
1817,1wswi7us,2
1818,1wswi7us,1
1305,1wswi7us,1
1819,1wswi7us,1
1767,1wswi7us,1
1253,1wswi7us,2
1312,1wswi7us,1
1826,1wswi7us,1
1404,1wswi7us,1
1821,1wswi7us,1
1822,1wswi7us,1
1823,1wswi7us,1
1824,1wswi7us,2
1834,1wswi7us,1
1033,1wswi7us,1
1804,1wswi7us,1
1237,1wswi7us,1
1829,1wswi7us,1
1805,1wswi7us,1
1830,1wswi7us,1
1831,1wswi7us,1
1832,1wswi7us,1
1579,1wswi7us,1
1836,1wswi7us,1
1837,1wswi7us,2
1886,yy96yeu9,1
1885,yy96yeu9,1
1884,yy96yeu9,1
1085,yy96yeu9,1
1882,yy96yeu9,1
1373,yy96yeu9,1
1881,yy96yeu9,1
1880,yy96yeu9,1
1005,yy96yeu9,1
1879,yy96yeu9,1
1873,yy96yeu9,1
1872,yy96yeu9,1
1870,yy96yeu9,1
1869,yy96yeu9,1
1021,yy96yeu9,2
1868,yy96yeu9,1
1867,yy96yeu9,2
1280,yy96yeu9,1
1621,yy96yeu9,1
1875,yy96yeu9,1
1874,yy96yeu9,1
1883,yy96yeu9,1
1248,yy96yeu9,1
1756,yy96yeu9,1
1865,yy96yeu9,1
1034,yy96yeu9,2
1864,yy96yeu9,1
1863,yy96yeu9,1
1871,yy96yeu9,1
1363,yy96yeu9,1
1137,yy96yeu9,1
1858,yy96yeu9,4
1851,yy96yeu9,1
1850,yy96yeu9,1
1435,yy96yeu9,1
1878,yy96yeu9,1
1624,yy96yeu9,1
1382,yy96yeu9,1
1854,yy96yeu9,1
1852,yy96yeu9,1
1849,yy96yeu9,1
1856,yy96yeu9,1
1853,yy96yeu9,1
1866,yy96yeu9,1
1855,yy96yeu9,1
1324,yy96yeu9,1
1265,yy96yeu9,1
1011,yy96yeu9,1
1857,yy96yeu9,1
1798,yy96yeu9,1
1327,yy96yeu9,2
1859,yy96yeu9,1
1876,yy96yeu9,1
1052,yy96yeu9,1
1015,yy96yeu9,1
1877,yy96yeu9,1
1115,yy96yeu9,1
1168,yy96yeu9,1
1803,yy96yeu9,1
1862,yy96yeu9,1
1860,yy96yeu9,1
1734,yy96yeu9,2
1861,yy96yeu9,1
1794,5o38ihe0,1
1629,5o38ihe0,1
1196,5o38ihe0,1
1467,5o38ihe0,1
1561,5o38ihe0,1
1741,5o38ihe0,1
1938,5o38ihe0,1
1937,5o38ihe0,1
1936,5o38ihe0,1
1935,5o38ihe0,1
1934,5o38ihe0,1
1272,5o38ihe0,1
1105,5o38ihe0,1
1933,5o38ihe0,1
1904,5o38ihe0,1
1910,5o38ihe0,1
1923,5o38ihe0,1
1900,5o38ihe0,1
1011,5o38ihe0,1
1898,5o38ihe0,1
1896,5o38ihe0,1
1895,5o38ihe0,1
1894,5o38ihe0,1
1903,5o38ihe0,1
1203,5o38ihe0,1
1085,5o38ihe0,2
1899,5o38ihe0,1
1010,5o38ihe0,1
1373,5o38ihe0,1
1116,5o38ihe0,1
1887,5o38ihe0,1
1889,5o38ihe0,2
1925,5o38ihe0,1
1905,5o38ihe0,1
1901,5o38ihe0,5
1918,5o38ihe0,1
1939,5o38ihe0,1
1888,5o38ihe0,2
1897,5o38ihe0,1
1890,5o38ihe0,2
1893,5o38ihe0,1
1636,5o38ihe0,1
1435,5o38ihe0,2
1906,5o38ihe0,1
1902,5o38ihe0,1
1312,5o38ihe0,1
1892,5o38ihe0,1
1572,5o38ihe0,1
1891,5o38ihe0,1
1546,5o38ihe0,1
1927,5o38ihe0,1
1248,5o38ihe0,1
1922,5o38ihe0,1
1913,5o38ihe0,1
1907,5o38ihe0,1
1177,5o38ihe0,1
1469,5o38ihe0,1
1430,5o38ihe0,1
1908,5o38ihe0,1
1920,5o38ihe0,1
1932,5o38ihe0,1
1418,5o38ihe0,1
1909,5o38ihe0,1
1911,5o38ihe0,1
1912,5o38ihe0,1
1620,5o38ihe0,1
1914,5o38ihe0,1
1845,5o38ihe0,1
1915,5o38ihe0,1
1402,5o38ihe0,1
1916,5o38ihe0,1
1917,5o38ihe0,1
1034,5o38ihe0,3
1926,5o38ihe0,1
1155,5o38ihe0,1
1091,5o38ihe0,1
1862,5o38ihe0,1
1919,5o38ihe0,1
1921,5o38ihe0,1
1930,5o38ihe0,1
1924,5o38ihe0,1
1560,5o38ihe0,1
1321,5o38ihe0,2
1928,5o38ihe0,1
1415,5o38ihe0,1
1158,5o38ihe0,1
1929,5o38ihe0,1
1931,5o38ihe0,1
1988,1ul8owic,1
1624,1ul8owic,1
1987,1ul8owic,1
1986,1ul8owic,1
1985,1ul8owic,1
1984,1ul8owic,1
1983,1ul8owic,1
1982,1ul8owic,1
1981,1ul8owic,1
1980,1ul8owic,1
1941,1ul8owic,1
1954,1ul8owic,3
1319,1ul8owic,2
1952,1ul8owic,1
1951,1ul8owic,1
1570,1ul8owic,2
1953,1ul8owic,1
1950,1ul8owic,1
1931,1ul8owic,2
1949,1ul8owic,2
1948,1ul8owic,1
1947,1ul8owic,4
1256,1ul8owic,2
1946,1ul8owic,1
1945,1ul8owic,1
1961,1ul8owic,1
1943,1ul8owic,1
1580,1ul8owic,2
1165,1ul8owic,1
1312,1ul8owic,1
1944,1ul8owic,1
1225,1ul8owic,2
1757,1ul8owic,1
1940,1ul8owic,1
1942,1ul8owic,1
1581,1ul8owic,1
1962,1ul8owic,1
1262,1ul8owic,1
1389,1ul8owic,1
1955,1ul8owic,1
1956,1ul8owic,1
1321,1ul8owic,1
1957,1ul8owic,1
1489,1ul8owic,1
1362,1ul8owic,2
1334,1ul8owic,2
1970,1ul8owic,2
1958,1ul8owic,1
1959,1ul8owic,1
1979,1ul8owic,1
1969,1ul8owic,4
1712,1ul8owic,1
1966,1ul8owic,2
1978,1ul8owic,1
1960,1ul8owic,1
1579,1ul8owic,1
1963,1ul8owic,2
1964,1ul8owic,4
1965,1ul8owic,1
1293,1ul8owic,1
1807,1ul8owic,1
1554,1ul8owic,5
1967,1ul8owic,2
1968,1ul8owic,1
1269,1ul8owic,2
1971,1ul8owic,2
1972,1ul8owic,2
1973,1ul8owic,1
1974,1ul8owic,1
1975,1ul8owic,1
1976,1ul8owic,1
1977,1ul8owic,1
1991,5s6acr7m,1
1989,5s6acr7m,1
1990,5s6acr7m,1
1571,5s6acr7m,1
1705,5s6acr7m,1
1992,5s6acr7m,1
1143,5tkvsudh,1
1011,5tkvsudh,1
1997,5tkvsudh,1
1010,5tkvsudh,2
1996,5tkvsudh,2
1222,5tkvsudh,1
1141,5tkvsudh,1
1995,5tkvsudh,1
1994,5tkvsudh,1
1038,5tkvsudh,2
1036,5tkvsudh,1
1993,5tkvsudh,1
1103,5tkvsudh,1
1998,5tkvsudh,4
1240,5tkvsudh,1
1999,5tkvsudh,1
1529,5tkvsudh,1
1033,5tkvsudh,1
1438,5tkvsudh,1
1567,6lvn10f4,1
1244,6lvn10f4,1
1507,6lvn10f4,1
1238,6lvn10f4,1
1511,6lvn10f4,1
1075,6lvn10f4,2
1222,6lvn10f4,1
1092,6lvn10f4,3
1608,6lvn10f4,1
1091,6lvn10f4,1
1162,6lvn10f4,1
1011,6lvn10f4,1
1689,6lvn10f4,1
1018,6lvn10f4,1
1070,tvxpckxo,1
1110,tvxpckxo,1
1556,tvxpckxo,1
1803,tvxpckxo,2
1107,tvxpckxo,1
1734,tvxpckxo,1
1321,tvxpckxo,1
1011,tvxpckxo,2
1537,tvxpckxo,1
1105,tvxpckxo,1
1895,tvxpckxo,1
1564,tvxpckxo,1
1624,mcuixluu,1
1549,mcuixluu,1
1107,mcuixluu,1
1884,mcuixluu,1
1098,mcuixluu,1
1105,mcuixluu,1
1252,mcuixluu,2
1093,mcuixluu,1
1574,mcuixluu,1
1381,mcuixluu,1
1132,mcuixluu,1
1138,mcuixluu,1
1011,mcuixluu,3
1519,mcuixluu,2
1256,mcuixluu,1
1930,ri5v6u4x,1
1686,ri5v6u4x,1
1250,ri5v6u4x,1
1681,ri5v6u4x,1
1014,ri5v6u4x,1
1231,ri5v6u4x,1
1074,ri5v6u4x,1
1736,ri5v6u4x,1
1840,ri5v6u4x,1
1208,ri5v6u4x,1
1511,ri5v6u4x,1
1080,ri5v6u4x,1
1672,ri5v6u4x,1
1964,ri5v6u4x,1
1843,ri5v6u4x,1
1945,ri5v6u4x,1
1431,ri5v6u4x,1
1862,ri5v6u4x,1
1671,ri5v6u4x,1
1251,ri5v6u4x,2
1109,ri5v6u4x,1
1697,ri5v6u4x,1
1253,ri5v6u4x,1
1360,ri5v6u4x,1
1363,ri5v6u4x,1
1404,ri5v6u4x,1
1007,ri5v6u4x,1
1631,ri5v6u4x,1
1125,ri5v6u4x,1
1033,ri5v6u4x,1
1672,kuybfc1y,1
1293,kuybfc1y,1
1570,kuybfc1y,1
1536,kuybfc1y,1
1671,kuybfc1y,1
1070,kuybfc1y,1
1666,kuybfc1y,1
1632,kuybfc1y,1
1098,kuybfc1y,2
1700,kuybfc1y,1
1657,kuybfc1y,1
1033,kuybfc1y,1
1215,kuybfc1y,1
1254,ng4rrdte,1
1628,ng4rrdte,1
1389,ng4rrdte,1
1265,ng4rrdte,1
1011,ng4rrdte,1
1023,ng4rrdte,1
1631,ng4rrdte,1
1131,ng4rrdte,1
1272,ng4rrdte,1
1211,ng4rrdte,1
1803,ng4rrdte,1
1290,ng4rrdte,2
1840,ng4rrdte,1
1096,ng4rrdte,2
1565,ng4rrdte,2
1746,ng4rrdte,1
1727,ng4rrdte,1
1896,ng4rrdte,1
1446,ng4rrdte,1
1367,ng4rrdte,1
1943,1769ovyk,1
1862,t35n7bk9,1
1786,t35n7bk9,1
1165,t35n7bk9,1
1445,t35n7bk9,1
1020,t35n7bk9,1
1852,t35n7bk9,1
1369,t35n7bk9,1
1073,t35n7bk9,1
1019,t35n7bk9,1
1736,t35n7bk9,1
1631,t35n7bk9,1
1894,t35n7bk9,1
1033,t35n7bk9,1
1858,t35n7bk9,2
1324,t35n7bk9,3
1125,t35n7bk9,1
1556,t35n7bk9,1
1557,t35n7bk9,1
1215,t35n7bk9,1
1657,t35n7bk9,1
1363,t35n7bk9,1
1516,t35n7bk9,1
1296,t35n7bk9,1
1567,t35n7bk9,1
1848,t35n7bk9,1
1238,t35n7bk9,1
1562,t35n7bk9,1
1538,t35n7bk9,1
1045,t35n7bk9,1
1328,t35n7bk9,1
1093,t35n7bk9,1
1021,t35n7bk9,3
1139,t35n7bk9,1
1155,t35n7bk9,1
1001,t35n7bk9,1
1018,t35n7bk9,1
1057,t35n7bk9,2
1047,t35n7bk9,1
1840,pwsvhitd,1
1609,pwsvhitd,1
1036,pwsvhitd,1
1312,pwsvhitd,1
1157,pwsvhitd,1
1107,pwsvhitd,1
1121,pwsvhitd,6
1357,pwsvhitd,2
1908,pwsvhitd,1
1363,pwsvhitd,1
1045,pwsvhitd,1
1343,pwsvhitd,1
1677,pwsvhitd,1
1664,pwsvhitd,2
1274,pwsvhitd,2
1245,wt8zfqk0,1
1110,wt8zfqk0,1
1391,wt8zfqk0,1
1735,wt8zfqk0,1
1930,wt8zfqk0,4
1604,wt8zfqk0,6
1096,wt8zfqk0,1
1073,wt8zfqk0,2
1719,wt8zfqk0,1
1250,wt8zfqk0,1
1869,wt8zfqk0,1
1138,wt8zfqk0,1
1469,wt8zfqk0,2
1011,wt8zfqk0,1
1026,wt8zfqk0,1
1569,wt8zfqk0,1
1312,wt8zfqk0,1
1757,wt8zfqk0,1
1970,wt8zfqk0,2
1107,wt8zfqk0,1
1810,wt8zfqk0,1
1689,wt8zfqk0,1
1174,wt8zfqk0,3
1820,wt8zfqk0,1
1606,wt8zfqk0,1
1609,wt8zfqk0,1
1963,wt8zfqk0,1
1879,wt8zfqk0,2
1034,wt8zfqk0,2
1572,wt8zfqk0,1
1862,wt8zfqk0,2
1785,wt8zfqk0,1
1311,wt8zfqk0,1
1272,wt8zfqk0,1
1597,wt8zfqk0,1
1231,5gsbtfag,1
1698,5gsbtfag,1
1188,5gsbtfag,1
1609,5gsbtfag,1
1098,5gsbtfag,1
1689,5gsbtfag,2
1717,5gsbtfag,1
1700,5gsbtfag,1
1674,5gsbtfag,1
1128,5gsbtfag,1
1629,5gsbtfag,1
1909,5gsbtfag,1
1312,5gsbtfag,1
1798,5gsbtfag,1
1757,5gsbtfag,1
1221,5gsbtfag,1
1107,5gsbtfag,1
1161,5gsbtfag,2
1548,5gsbtfag,2
1256,5gsbtfag,1
1011,5gsbtfag,2
1794,5gsbtfag,2
1883,5gsbtfag,1
1756,5gsbtfag,1
1627,5gsbtfag,1
1649,5gsbtfag,1
1865,5gsbtfag,1
1840,5gsbtfag,1
1862,5gsbtfag,1
1778,5gsbtfag,1
1970,fpj5urao,1
1209,fpj5urao,1
1822,fpj5urao,1
1402,fpj5urao,1
1906,fpj5urao,1
1481,fpj5urao,2
1757,fpj5urao,1
1034,fpj5urao,4
1321,fpj5urao,1
1001,fpj5urao,1
1689,fpj5urao,1
1580,fpj5urao,2
1736,fpj5urao,1
1073,fpj5urao,3
1200,fpj5urao,1
1316,fpj5urao,1
1312,fpj5urao,2
1362,fpj5urao,1
1026,fpj5urao,1
1690,fpj5urao,1
1122,fpj5urao,1
1012,fpj5urao,1
1880,fpj5urao,1
1202,fpj5urao,1
1038,fpj5urao,1
1384,fpj5urao,1
1168,fpj5urao,1
1025,fpj5urao,1
1631,fpj5urao,1
1009,fpj5urao,1
1609,fpj5urao,1
1719,fpj5urao,1
1584,fpj5urao,1
1383,fpj5urao,1
1869,wutnzzhg,1
1636,wutnzzhg,1
1431,wutnzzhg,1
1935,wutnzzhg,1
1458,wutnzzhg,1
1272,wutnzzhg,1
1700,wutnzzhg,3
1404,wutnzzhg,1
1265,wutnzzhg,1
1884,wutnzzhg,1
1308,wutnzzhg,1
1513,wutnzzhg,1
1096,wutnzzhg,1
1632,wutnzzhg,1
1570,wutnzzhg,1
1466,eiqypt0m,1
1623,eiqypt0m,1
1609,eiqypt0m,1
1096,eiqypt0m,1
1707,eiqypt0m,1
1896,eiqypt0m,1
1297,eiqypt0m,1
1874,eiqypt0m,1
1067,eiqypt0m,1
1481,eiqypt0m,1
1953,eiqypt0m,1
1637,lwla5ugt,1
1594,lwla5ugt,1
1960,lwla5ugt,1
1515,lwla5ugt,1
1761,lwla5ugt,1
1331,lwla5ugt,1
1664,lwla5ugt,1
1668,lwla5ugt,1
1402,lwla5ugt,1
1096,lwla5ugt,2
1822,lwla5ugt,1
1530,lwla5ugt,1
1538,lwla5ugt,1
1221,lwla5ugt,1
1312,lwla5ugt,1
1765,lwla5ugt,1
1873,lwla5ugt,1
1746,lwla5ugt,2
1756,lwla5ugt,1
1909,lwla5ugt,6
1073,lwla5ugt,2
1174,lwla5ugt,2
1872,lwla5ugt,1
1110,lwla5ugt,1
1323,lwla5ugt,1
1717,lwla5ugt,1
1718,lwla5ugt,1
1017,lwla5ugt,1
1144,lwla5ugt,1
1229,lwla5ugt,2
1202,lwla5ugt,1
1554,lwla5ugt,2
1272,lwla5ugt,1
1654,lwla5ugt,1
1231,lwla5ugt,1
1165,8zwsi4nk,1
1861,8zwsi4nk,1
1810,8zwsi4nk,1
1391,8zwsi4nk,1
1822,8zwsi4nk,1
1649,8zwsi4nk,1
1389,8zwsi4nk,1
1122,8zwsi4nk,1
1096,8zwsi4nk,1
1138,8zwsi4nk,1
1556,8zwsi4nk,1
1312,8zwsi4nk,1
1407,8zwsi4nk,1
1690,8zwsi4nk,1
1741,8zwsi4nk,1
1012,8zwsi4nk,1
1011,8zwsi4nk,5
1756,8zwsi4nk,1
1131,8zwsi4nk,1
1245,8zwsi4nk,4
1034,8zwsi4nk,1
1014,8zwsi4nk,1
1785,8zwsi4nk,1
1199,t20z4mtt,1
1231,t20z4mtt,1
1093,t20z4mtt,1
1422,t20z4mtt,1
1363,t20z4mtt,1
1516,t20z4mtt,1
1929,t20z4mtt,2
1421,t20z4mtt,1
1471,t20z4mtt,3
1012,t20z4mtt,1
1312,t20z4mtt,1
1519,t20z4mtt,1
1623,t20z4mtt,1
1038,t20z4mtt,1
1928,t20z4mtt,2
1001,t20z4mtt,1
1033,t20z4mtt,1
1803,t20z4mtt,1
1082,t20z4mtt,1
1813,t20z4mtt,2
1105,t20z4mtt,1
1549,t20z4mtt,2
1627,t20z4mtt,1
1840,t20z4mtt,1
1107,t20z4mtt,1
1818,t20z4mtt,1
1048,t20z4mtt,1
1896,0gmtnkbh,1
1437,0gmtnkbh,1
1471,0gmtnkbh,1
1609,0gmtnkbh,1
1946,0gmtnkbh,1
1116,0gmtnkbh,2
1402,0gmtnkbh,1
1045,0gmtnkbh,2
1399,0gmtnkbh,1
1407,0gmtnkbh,1
1025,0gmtnkbh,1
1096,0gmtnkbh,2
1624,0gmtnkbh,1
1367,0gmtnkbh,2
1026,0gmtnkbh,1
1398,0gmtnkbh,1
1011,0gmtnkbh,3
1265,0gmtnkbh,1
1114,0gmtnkbh,1
1018,0gmtnkbh,1
1252,0gmtnkbh,1
1872,0gmtnkbh,1
1787,0gmtnkbh,1
1379,0gmtnkbh,1
1122,0gmtnkbh,1
1756,0gmtnkbh,1
1238,0gmtnkbh,2
1474,0gmtnkbh,1
1666,0gmtnkbh,1
1312,0gmtnkbh,1
1209,0gmtnkbh,1
1869,0gmtnkbh,3
1879,0gmtnkbh,2
1357,0gmtnkbh,2
1580,0gmtnkbh,1
1067,0gmtnkbh,1
1166,0gmtnkbh,1
1001,0gmtnkbh,1
1849,0gmtnkbh,1
1909,0gmtnkbh,1
1391,0gmtnkbh,1
1403,0gmtnkbh,1
1168,0gmtnkbh,1
1363,0gmtnkbh,1
1033,0gmtnkbh,1
1802,0gmtnkbh,2
1361,0gmtnkbh,1
1113,0gmtnkbh,1
1862,0gmtnkbh,2
1073,0gmtnkbh,1
1057,0gmtnkbh,1
1623,0gmtnkbh,2
1138,rrhh2alf,1
1010,rrhh2alf,1
1734,rrhh2alf,1
1609,rrhh2alf,1
1315,rrhh2alf,1
1736,rrhh2alf,1
1045,rrhh2alf,1
1717,rrhh2alf,1
1284,rrhh2alf,1
1792,rrhh2alf,1
1021,rrhh2alf,2
1551,rrhh2alf,1
1312,rrhh2alf,1
1585,rrhh2alf,1
1011,rrhh2alf,2
1623,rrhh2alf,1
1110,rrhh2alf,1
1107,rrhh2alf,1
1544,rrhh2alf,2
1884,rrhh2alf,1
1274,rrhh2alf,3
1212,rrhh2alf,1
1483,rrhh2alf,1
1574,rrhh2alf,1
1556,rrhh2alf,1
1321,rrhh2alf,1
1105,rrhh2alf,1
1821,rrhh2alf,1
1550,rrhh2alf,1
1967,rrhh2alf,1
1636,rrhh2alf,1
1769,sgmk96vr,1
1334,sgmk96vr,1
1373,sgmk96vr,3
1862,sgmk96vr,1
1269,sgmk96vr,1
1025,sgmk96vr,1
1312,sgmk96vr,1
1331,sgmk96vr,1
1011,sgmk96vr,2
1953,sgmk96vr,1
1636,sgmk96vr,1
1580,sgmk96vr,4
1323,sgmk96vr,1
1886,sgmk96vr,1
1001,sgmk96vr,1
1258,sgmk96vr,1
1615,sgmk96vr,1
1431,sgmk96vr,1
1736,sgmk96vr,1
1609,sgmk96vr,1
1863,sgmk96vr,1
1579,di0fcy0j,3
1769,di0fcy0j,1
1471,di0fcy0j,2
1484,di0fcy0j,1
1340,di0fcy0j,2
1045,di0fcy0j,1
1417,di0fcy0j,1
1661,di0fcy0j,1
1806,di0fcy0j,1
1901,di0fcy0j,2
1488,di0fcy0j,3
1312,di0fcy0j,1
1475,di0fcy0j,1
1598,di0fcy0j,1
1428,di0fcy0j,3
1174,di0fcy0j,1
1495,di0fcy0j,1
1238,di0fcy0j,1
1168,di0fcy0j,1
1893,di0fcy0j,1
1636,di0fcy0j,4
1962,di0fcy0j,1
1319,di0fcy0j,2
1421,di0fcy0j,2
1158,di0fcy0j,1
1879,di0fcy0j,1
1367,di0fcy0j,2
1272,di0fcy0j,1
1006,di0fcy0j,1
1623,di0fcy0j,1
1042,1ke7i2wr,1
1155,1ke7i2wr,1
1567,1ke7i2wr,1
1722,v95fzp8n,1
1068,v95fzp8n,1
1363,v95fzp8n,1
1011,v95fzp8n,1
1033,v95fzp8n,1
1073,v95fzp8n,1
1760,v95fzp8n,1
1174,v95fzp8n,1
1469,v95fzp8n,1
1190,v95fzp8n,1
1628,v95fzp8n,1
1323,v95fzp8n,1
1312,v95fzp8n,1
1045,v95fzp8n,1
1481,v95fzp8n,1
1222,v95fzp8n,1
1736,v95fzp8n,1
1609,v95fzp8n,1
1636,v95fzp8n,1
1001,v95fzp8n,1
1474,v95fzp8n,1
1579,v95fzp8n,1
1138,52vixim5,1
1706,52vixim5,1
1606,52vixim5,1
1174,52vixim5,1
1732,52vixim5,1
1005,52vixim5,1
1323,52vixim5,1
1404,52vixim5,3
1914,52vixim5,1
1025,52vixim5,1
1107,52vixim5,1
1856,52vixim5,1
1007,52vixim5,1
1569,52vixim5,3
1045,52vixim5,2
1312,52vixim5,1
1014,52vixim5,1
1026,52vixim5,1
1628,47ema2dq,1
1259,47ema2dq,1
1906,47ema2dq,1
1860,47ema2dq,1
1862,47ema2dq,1
1373,47ema2dq,1
1417,47ema2dq,2
1231,47ema2dq,1
1312,47ema2dq,1
1681,47ema2dq,1
1609,47ema2dq,1
1657,47ema2dq,1
1805,47ema2dq,1
1096,47ema2dq,1
1258,47ema2dq,2
1282,47ema2dq,2
1746,47ema2dq,1
1257,47ema2dq,3
1067,47ema2dq,1
1256,47ema2dq,3
1045,47ema2dq,1
1278,47ema2dq,2
1334,47ema2dq,1
1625,47ema2dq,1
1165,47ema2dq,1
1840,47ema2dq,1
1268,47ema2dq,1
1744,47ema2dq,1
1540,jzj8q25c,1
1001,jzj8q25c,1
1766,jzj8q25c,2
1669,jzj8q25c,1
1034,jzj8q25c,1
1604,jzj8q25c,1
1031,jzj8q25c,1
1147,jzj8q25c,2
1765,jzj8q25c,1
1625,jzj8q25c,1
1113,jzj8q25c,1
1627,jzj8q25c,1
1174,jzj8q25c,1
1521,jzj8q25c,1
1116,jzj8q25c,2
1115,jzj8q25c,2
1178,jzj8q25c,1
1843,qg0fsliy,1
1666,qg0fsliy,1
1245,qg0fsliy,1
1138,qg0fsliy,1
1160,qg0fsliy,1
1028,qg0fsliy,5
1011,qg0fsliy,5
1030,qg0fsliy,1
1631,qg0fsliy,1
1758,qg0fsliy,1
1609,qg0fsliy,1
1734,qg0fsliy,1
1085,qg0fsliy,1
1856,qg0fsliy,1
1251,qg0fsliy,1
1096,qg0fsliy,1
1312,qg0fsliy,1
1845,qg0fsliy,1
1757,qg0fsliy,1
1209,qg0fsliy,1
1367,qg0fsliy,1
1240,qg0fsliy,1
1608,qg0fsliy,2
1137,qg0fsliy,1
1970,qg0fsliy,1
1763,qg0fsliy,1
1556,qg0fsliy,1
1584,qg0fsliy,2
1100,qg0fsliy,3
1756,qg0fsliy,1
1031,qg0fsliy,1
1136,qg0fsliy,1
1045,qg0fsliy,1
1218,qg0fsliy,6
1144,qg0fsliy,1
1579,qg0fsliy,1
1930,qg0fsliy,1
1324,qg0fsliy,1
1075,qg0fsliy,3
1548,qg0fsliy,2
1109,qg0fsliy,1
1174,qg0fsliy,1
1821,qg0fsliy,1
1321,qg0fsliy,1
1098,p7um7o87,1
1045,p7um7o87,1
1530,p7um7o87,1
1221,p7um7o87,1
1074,p7um7o87,1
1803,p7um7o87,1
1720,p7um7o87,1
1511,p7um7o87,1
1755,p7um7o87,3
1224,p7um7o87,1
1623,p7um7o87,1
1105,p7um7o87,1
1096,p7um7o87,1
1840,p7um7o87,1
1948,p7um7o87,1
1921,p7um7o87,2
1167,p7um7o87,1
1487,p7um7o87,1
1103,p7um7o87,1
1516,p7um7o87,1
1435,p7um7o87,1
1011,p7um7o87,6
1909,p7um7o87,2
1010,p7um7o87,1
1524,p7um7o87,1
1031,p7um7o87,1
1116,p7um7o87,4
1120,p7um7o87,3
1037,p7um7o87,1
1914,p7um7o87,1
1861,p7um7o87,1
1038,p7um7o87,1
1122,p7um7o87,1
1629,p7um7o87,1
1330,p7um7o87,1
1330,3k1tiuby,1
1787,3k1tiuby,1
1538,3k1tiuby,1
1033,3k1tiuby,1
1272,3k1tiuby,1
1653,3k1tiuby,1
1110,3k1tiuby,1
1261,3k1tiuby,2
1654,3k1tiuby,1
1668,3k1tiuby,1
1951,3k1tiuby,1
1670,3k1tiuby,2
1012,3k1tiuby,2
1949,3k1tiuby,1
1026,3k1tiuby,1
1636,3k1tiuby,1
1001,3k1tiuby,1
1034,3k1tiuby,3
1355,3k1tiuby,2
1866,3k1tiuby,2
1880,3k1tiuby,1
1862,3k1tiuby,2
1017,3k1tiuby,1
1045,3k1tiuby,1
1928,xvi5miqw,1
1500,xvi5miqw,1
1144,xvi5miqw,2
1096,xvi5miqw,1
1856,xvi5miqw,1
1566,xvi5miqw,1
1295,xvi5miqw,1
1296,xvi5miqw,1
1404,xvi5miqw,1
1312,xvi5miqw,1
1746,xvi5miqw,1
1334,xvi5miqw,1
1265,xvi5miqw,1
1715,xvi5miqw,1
1045,xvi5miqw,1
1737,xvi5miqw,2
1633,xvi5miqw,2
1636,xvi5miqw,1
1251,xvi5miqw,1
1155,xvi5miqw,1
1042,xvi5miqw,1
1363,xvi5miqw,3
1609,xvi5miqw,1
1011,xvi5miqw,1
1415,xvi5miqw,2
1730,xvi5miqw,1
1405,1i36lsj2,1
1507,1i36lsj2,2
1506,1i36lsj2,4
1431,1i36lsj2,1
1471,1i36lsj2,2
1892,1i36lsj2,2
1701,1i36lsj2,1
1107,1i36lsj2,1
1529,1i36lsj2,1
1079,1i36lsj2,1
1556,1i36lsj2,1
1469,1i36lsj2,1
1702,1i36lsj2,1
1736,1i36lsj2,1
1813,1i36lsj2,1
1477,1i36lsj2,1
1011,1i36lsj2,1
1417,4k8f7ou1,1
1609,4k8f7ou1,1
1620,4k8f7ou1,1
1399,4k8f7ou1,1
1909,4k8f7ou1,2
1138,4k8f7ou1,1
1404,4k8f7ou1,1
1821,4k8f7ou1,1
1408,4k8f7ou1,2
1251,4k8f7ou1,2
1330,4k8f7ou1,1
1423,4k8f7ou1,1
1466,4k8f7ou1,3
1424,4k8f7ou1,1
1012,4k8f7ou1,1
1312,4k8f7ou1,1
1475,4k8f7ou1,1
1079,4k8f7ou1,1
1115,4k8f7ou1,1
1623,4k8f7ou1,1
1098,4k8f7ou1,4
1874,4k8f7ou1,1
1033,4k8f7ou1,1
1113,4k8f7ou1,1
1884,4k8f7ou1,1
1144,4k8f7ou1,1
1011,4k8f7ou1,1
1731,4k8f7ou1,1
1736,4k8f7ou1,1
1967,4k8f7ou1,1
1131,4k8f7ou1,1
1025,4k8f7ou1,1
1796,4k8f7ou1,1
1923,4k8f7ou1,1
1632,wnnsmx60,1
1984,wnnsmx60,1
1011,wnnsmx60,2
1786,wnnsmx60,1
1363,wnnsmx60,1
1431,wnnsmx60,1
1299,wnnsmx60,1
1735,mtmgur1u,1
1236,mtmgur1u,1
1967,mtmgur1u,2
1011,mtmgur1u,2
1212,mtmgur1u,1
1593,mtmgur1u,1
1608,mtmgur1u,1
1404,mtmgur1u,1
1481,mtmgur1u,2
1137,mtmgur1u,1
1877,mtmgur1u,2
1297,mtmgur1u,1
1323,mtmgur1u,1
1580,mtmgur1u,1
1057,mtmgur1u,2
1808,mtmgur1u,1
1412,mtmgur1u,1
1167,mtmgur1u,1
1977,mtmgur1u,1
1321,mtmgur1u,1
1209,mtmgur1u,1
1362,mtmgur1u,3
1743,mtmgur1u,1
1616,mtmgur1u,1
1574,mtmgur1u,1
1252,mtmgur1u,2
1621,mtmgur1u,1
1244,mtmgur1u,1
1542,gdsfkw1b,1
1512,gdsfkw1b,2
1768,gdsfkw1b,2
1254,gdsfkw1b,1
1519,gdsfkw1b,1
1011,gdsfkw1b,1
1010,gdsfkw1b,1
1687,gdsfkw1b,1
1252,gdsfkw1b,4
1051,gdsfkw1b,1
1862,gdsfkw1b,1
1393,gdsfkw1b,2
1555,gdsfkw1b,1
1048,gdsfkw1b,1
1422,gdsfkw1b,1
1363,gdsfkw1b,1
1605,gdsfkw1b,1
1232,gdsfkw1b,1
1473,gdsfkw1b,1
1445,gdsfkw1b,1
1734,gdsfkw1b,1
1198,gdsfkw1b,1
1373,0s6ort9f,1
1324,0s6ort9f,1
1165,0s6ort9f,1
1808,0s6ort9f,1
1096,0s6ort9f,1
1609,0s6ort9f,1
1355,0s6ort9f,1
1222,0s6ort9f,2
1593,0s6ort9f,4
1853,0s6ort9f,1
1972,0s6ort9f,8
1962,0s6ort9f,1
1537,0s6ort9f,1
1633,0s6ort9f,2
1045,0s6ort9f,1
1807,0s6ort9f,1
1625,0s6ort9f,2
1805,0s6ort9f,1
1312,0s6ort9f,1
1860,0s6ort9f,2
1231,0s6ort9f,2
1305,0s6ort9f,2
1605,0s6ort9f,1
1363,0s6ort9f,2
1033,0s6ort9f,1
1361,zl5lgcog,1
1736,zl5lgcog,1
1766,2su7oqbz,1
1636,2su7oqbz,1
1113,2su7oqbz,1
1363,2su7oqbz,1
1231,2su7oqbz,1
1859,2su7oqbz,1
1268,2su7oqbz,1
1286,2su7oqbz,1
1331,2su7oqbz,1
1328,2su7oqbz,1
1098,2su7oqbz,1
1010,2su7oqbz,1
1296,2su7oqbz,1
1519,2su7oqbz,1
1011,2su7oqbz,3
1071,2su7oqbz,1
1928,2su7oqbz,1
1363,yba7mdtb,1
1757,yba7mdtb,1
1881,yba7mdtb,1
1764,yba7mdtb,1
1524,yba7mdtb,1
1225,yba7mdtb,2
1623,yba7mdtb,1
1078,yba7mdtb,1
1245,yba7mdtb,1
1202,yba7mdtb,1
1329,yba7mdtb,1
1033,yba7mdtb,1
1079,yba7mdtb,1
1556,yba7mdtb,1
1813,yba7mdtb,1
1529,yba7mdtb,1
1909,yba7mdtb,1
1862,yba7mdtb,1
1536,yba7mdtb,1
1324,yba7mdtb,2
1687,yba7mdtb,1
1362,yba7mdtb,1
1873,yba7mdtb,1
1616,yba7mdtb,1
1508,yba7mdtb,1
1785,yba7mdtb,1
1542,yba7mdtb,1
1654,yba7mdtb,1
1906,yba7mdtb,1
1554,yba7mdtb,1
1424,yba7mdtb,1
1940,yba7mdtb,1
1321,yba7mdtb,2
1212,yba7mdtb,1
1174,yba7mdtb,1
1423,yba7mdtb,1
1970,ic4d9dhk,1
1609,ic4d9dhk,1
1011,ic4d9dhk,2
1469,ic4d9dhk,1
1009,ic4d9dhk,1
1238,ic4d9dhk,1
1021,ic4d9dhk,1
1585,ic4d9dhk,1
1078,ic4d9dhk,1
1967,ic4d9dhk,1
1858,ic4d9dhk,2
1466,ic4d9dhk,1
1689,ic4d9dhk,1
1435,ic4d9dhk,1
1122,ic4d9dhk,1
1312,ic4d9dhk,1
1274,ic4d9dhk,1
1928,ic4d9dhk,2
1583,ic4d9dhk,1
1544,ic4d9dhk,1
1616,ic4d9dhk,3
1362,ic4d9dhk,1
1144,ic4d9dhk,1
1623,ic4d9dhk,1
1026,ic4d9dhk,1
1484,ic4d9dhk,1
1016,ic4d9dhk,1
1923,ic4d9dhk,1
1236,ic4d9dhk,1
1107,ic4d9dhk,1
1556,jh9e85c0,1
1120,jh9e85c0,1
1744,jh9e85c0,1
1960,jh9e85c0,1
1515,jh9e85c0,1
1139,jh9e85c0,1
1909,jh9e85c0,1
1632,jh9e85c0,1
1893,jh9e85c0,1
1713,jh9e85c0,1
1840,jh9e85c0,2
1624,jh9e85c0,1
1848,jh9e85c0,1
1255,jh9e85c0,1
1950,jh9e85c0,1
1708,jh9e85c0,2
1200,jh9e85c0,1
1803,jh9e85c0,1
1884,jh9e85c0,1
1554,jh9e85c0,1
1689,jh9e85c0,1
1155,jh9e85c0,1
1787,jh9e85c0,1
1324,7vi6skvh,1
1333,7vi6skvh,1
1034,7vi6skvh,1
1096,7vi6skvh,1
1833,7vi6skvh,1
1001,7vi6skvh,1
1382,7vi6skvh,1
1409,7vi6skvh,1
1033,7vi6skvh,1
1591,7vi6skvh,1
1323,7vi6skvh,1
1363,7vi6skvh,1
1616,7vi6skvh,1
1624,7vi6skvh,1
1739,7vi6skvh,1
1231,7vi6skvh,1
1011,7vi6skvh,1
1021,7vi6skvh,2
1444,7vi6skvh,1
1105,efrv5nvf,1
1636,efrv5nvf,1
1840,efrv5nvf,1
1970,efrv5nvf,1
1165,efrv5nvf,1
1238,efrv5nvf,1
1256,efrv5nvf,1
1075,efrv5nvf,1
1231,efrv5nvf,1
1333,efrv5nvf,1
1011,efrv5nvf,1
1248,efrv5nvf,1
1785,xtg0e142,1
1096,xtg0e142,3
1967,xtg0e142,1
1034,xtg0e142,1
1031,xtg0e142,1
1152,xtg0e142,1
1343,xtg0e142,1
1649,xtg0e142,1
1681,xtg0e142,2
1312,xtg0e142,1
1736,xtg0e142,1
1609,xtg0e142,1
1357,xtg0e142,2
1952,xtg0e142,1
1045,xtg0e142,1
1679,xtg0e142,1
1138,xtg0e142,1
1011,xtg0e142,1
1864,bbvxu8op,1
1010,bbvxu8op,1
1858,bbvxu8op,3
1011,bbvxu8op,2
1331,bbvxu8op,1
1137,bbvxu8op,2
1605,bbvxu8op,1
1045,bbvxu8op,1
1407,bbvxu8op,1
1096,bbvxu8op,3
1867,bbvxu8op,8
1580,bbvxu8op,1
1209,bbvxu8op,1
1363,bbvxu8op,2
1144,bbvxu8op,2
1796,bbvxu8op,1
1962,bbvxu8op,1
1636,bbvxu8op,1
1516,bbvxu8op,1
1405,bbvxu8op,1
1362,bbvxu8op,2
1033,bbvxu8op,1
1831,bbvxu8op,2
1078,bbvxu8op,1
1034,bbvxu8op,1
1548,bbvxu8op,1
1452,bbvxu8op,1
1711,bbvxu8op,1
1256,bbvxu8op,1
1629,bbvxu8op,1
1037,e6e5nvn9,1
1608,e6e5nvn9,1
1431,e6e5nvn9,1
1690,e6e5nvn9,1
1960,e6e5nvn9,1
1096,e6e5nvn9,1
1529,e6e5nvn9,1
1519,e6e5nvn9,1
1165,e6e5nvn9,1
1038,e6e5nvn9,1
1736,e6e5nvn9,1
1848,e6e5nvn9,1
1045,e6e5nvn9,1
1033,e6e5nvn9,1
1139,e6e5nvn9,1
1627,e6e5nvn9,1
1155,e6e5nvn9,1
1538,e6e5nvn9,1
1277,e6e5nvn9,1
1574,e6e5nvn9,1
1312,e6e5nvn9,1
1212,e6e5nvn9,1
1372,e6e5nvn9,1
1606,e6e5nvn9,1
1628,q1y8uscj,1
1909,q1y8uscj,2
1231,q1y8uscj,2
1746,q1y8uscj,2
1930,q1y8uscj,1
1654,q1y8uscj,3
1860,q1y8uscj,2
1098,q1y8uscj,1
1609,q1y8uscj,1
1355,q1y8uscj,1
1248,q1y8uscj,1
1687,q1y8uscj,1
1312,q1y8uscj,1
1843,q1y8uscj,1
1113,q1y8uscj,1
1093,q1y8uscj,1
1963,q1y8uscj,1
1116,q1y8uscj,1
1096,q1y8uscj,1
1383,q1y8uscj,1
1669,q1y8uscj,1
1034,q1y8uscj,2
1579,q1y8uscj,1
1706,q1y8uscj,1
1773,q1y8uscj,1
1625,q1y8uscj,1
1105,lgcmamfb,1
1829,lgcmamfb,1
1737,lgcmamfb,1
1389,lgcmamfb,1
1736,lgcmamfb,1
1330,4u2re1cu,1
1803,4u2re1cu,1
1407,4u2re1cu,2
1231,4u2re1cu,1
1256,4u2re1cu,1
1507,4u2re1cu,1
1034,4u2re1cu,1
1010,4u2re1cu,1
1011,4u2re1cu,4
1265,4u2re1cu,1
1138,4u2re1cu,1
1168,4u2re1cu,1
1202,4u2re1cu,4
1329,4u2re1cu,1
1389,4u2re1cu,2
1217,4u2re1cu,1
1736,4u2re1cu,1
1312,4u2re1cu,1
1923,4u2re1cu,1
1511,4u2re1cu,1
1248,4u2re1cu,1
1319,4u2re1cu,1
1328,4u2re1cu,1
1363,4u2re1cu,1
1020,4u2re1cu,1
1244,4u2re1cu,1
1033,4u2re1cu,1
1624,4u2re1cu,1
1357,4u2re1cu,2
1884,4u2re1cu,2
1209,4u2re1cu,1
1324,4u2re1cu,1
1067,4u2re1cu,2
1606,4u2re1cu,1
1373,4u2re1cu,1
1632,4u2re1cu,1
1122,4u2re1cu,3
1228,e62cfqt7,1
1197,e62cfqt7,1
1555,e62cfqt7,1
1830,e62cfqt7,1
1068,e62cfqt7,1
1867,e62cfqt7,1
1143,e62cfqt7,1
1016,e62cfqt7,1
1017,e62cfqt7,1
1134,e62cfqt7,1
1572,e62cfqt7,1
1011,e62cfqt7,1
1405,e62cfqt7,1
1032,e62cfqt7,1
1116,e62cfqt7,1
1746,e62cfqt7,1
1091,e62cfqt7,1
1967,e62cfqt7,2
1025,04cuk2cn,1
1967,04cuk2cn,1
1930,04cuk2cn,1
1822,04cuk2cn,1
1247,04cuk2cn,1
1736,04cuk2cn,1
1623,04cuk2cn,1
1779,04cuk2cn,1
1761,mvxz7lx7,1
1625,mvxz7lx7,1
1221,mvxz7lx7,1
1930,mvxz7lx7,1
1452,mvxz7lx7,1
1769,mvxz7lx7,1
1428,m9rg6d3w,1
1500,m9rg6d3w,1
1244,m9rg6d3w,1
1319,m9rg6d3w,1
1277,m9rg6d3w,1
1548,m9rg6d3w,1
1631,m9rg6d3w,1
1168,m9rg6d3w,1
1623,m9rg6d3w,1
1550,m9rg6d3w,2
1368,m9rg6d3w,4
1075,m9rg6d3w,2
1529,m9rg6d3w,1
1312,m9rg6d3w,1
1068,m9rg6d3w,1
1038,m9rg6d3w,1
1256,m9rg6d3w,1
1336,m9rg6d3w,1
1970,m9rg6d3w,1
1229,m9rg6d3w,1
1011,m9rg6d3w,3
1431,4cvy9u28,1
1970,4cvy9u28,4
1319,4cvy9u28,1
1165,4cvy9u28,1
1574,4cvy9u28,1
1386,4cvy9u28,1
1362,4cvy9u28,2
1469,4cvy9u28,1
1312,4cvy9u28,1
1011,4cvy9u28,3
1009,4cvy9u28,1
1805,4cvy9u28,1
1624,4cvy9u28,1
1481,4cvy9u28,1
1608,4cvy9u28,1
1415,89xnnvuv,1
1381,89xnnvuv,4
1628,89xnnvuv,2
1469,89xnnvuv,1
1211,89xnnvuv,1
1167,89xnnvuv,3
1548,89xnnvuv,1
1630,89xnnvuv,1
1131,89xnnvuv,1
1033,89xnnvuv,1
1336,89xnnvuv,2
1312,89xnnvuv,1
1718,89xnnvuv,1
1807,89xnnvuv,1
1598,89xnnvuv,1
1435,89xnnvuv,1
1221,89xnnvuv,1
1209,89xnnvuv,2
1363,89xnnvuv,2
1068,89xnnvuv,1
1625,89xnnvuv,1
1098,89xnnvuv,1
1355,89xnnvuv,1
1970,89xnnvuv,1
1203,89xnnvuv,1
1272,89xnnvuv,1
1159,89xnnvuv,1
1926,89xnnvuv,1
1928,zowp10ts,1
1845,zowp10ts,1
1107,zowp10ts,1
1033,zowp10ts,1
1625,zowp10ts,1
1530,zowp10ts,1
1057,zowp10ts,3
1068,zowp10ts,1
1245,zowp10ts,1
1925,zowp10ts,1
1952,zowp10ts,2
1062,zowp10ts,1
1622,zowp10ts,3
1481,zowp10ts,1
1909,zowp10ts,3
1407,zowp10ts,1
1717,zowp10ts,1
1209,zowp10ts,1
1011,zowp10ts,1
1914,zowp10ts,1
1152,zowp10ts,1
1553,zowp10ts,1
1884,zowp10ts,1
1636,zowp10ts,1
1554,zowp10ts,1
1042,zowp10ts,1
1929,zowp10ts,1
1010,i4pmux28,1
1469,i4pmux28,1
1122,i4pmux28,1
1295,i4pmux28,1
1512,i4pmux28,1
1606,i4pmux28,2
1362,jw1lxwyd,1
1970,jw1lxwyd,1
1363,jw1lxwyd,3
1952,jw1lxwyd,2
1052,jw1lxwyd,1
1073,jw1lxwyd,1
1840,jw1lxwyd,1
1625,jw1lxwyd,1
1011,jw1lxwyd,2
1265,jw1lxwyd,1
1231,jw1lxwyd,4
1209,jw1lxwyd,1
1417,jw1lxwyd,1
1238,jw1lxwyd,1
1366,jw1lxwyd,1
1481,jw1lxwyd,1
1862,jw1lxwyd,1
1860,jw1lxwyd,1
1404,jw1lxwyd,1
1174,jw1lxwyd,1
1604,jw1lxwyd,2
1861,jw1lxwyd,1
1328,jw1lxwyd,2
1265,xiv9vxdp,1
1531,xiv9vxdp,1
1818,xiv9vxdp,1
1700,xiv9vxdp,1
1631,xiv9vxdp,1
1769,xiv9vxdp,1
1328,xiv9vxdp,2
1038,xiv9vxdp,1
1104,xiv9vxdp,1
1629,mcfmxqp2,1
1405,mcfmxqp2,1
1042,mcfmxqp2,1
1411,mcfmxqp2,1
1333,mcfmxqp2,1
1058,mcfmxqp2,1
1816,mcfmxqp2,1
1091,mcfmxqp2,1
1799,mcfmxqp2,1
1731,mcfmxqp2,1
1416,mcfmxqp2,2
1362,mcfmxqp2,1
1871,mcfmxqp2,1
1010,mcfmxqp2,1
1011,mcfmxqp2,5
1363,5dk231qs,1
1010,5dk231qs,1
1411,5dk231qs,1
1774,5dk231qs,1
1436,5dk231qs,1
1419,5dk231qs,1
1038,5dk231qs,1
1930,5dk231qs,1
1333,5dk231qs,1
1248,5dk231qs,1
1011,5dk231qs,1
1404,5dk231qs,1
1100,5dk231qs,1
1075,5dk231qs,5
1416,5dk231qs,1
1033,5dk231qs,1
1795,5dk231qs,1
1367,5dk231qs,1
1252,5dk231qs,3
1042,5dk231qs,1
1598,5dk231qs,1
1886,snqdma0s,1
1113,snqdma0s,1
1115,snqdma0s,1
1592,snqdma0s,1
1415,snqdma0s,2
1034,snqdma0s,2
1764,snqdma0s,1
1010,snqdma0s,1
1096,snqdma0s,2
1608,snqdma0s,1
1873,snqdma0s,1
1168,snqdma0s,1
1138,snqdma0s,1
1011,snqdma0s,2
1744,snqdma0s,1
1231,snqdma0s,1
1703,snqdma0s,1
1268,snqdma0s,1
1963,snqdma0s,1
1909,snqdma0s,1
1389,snqdma0s,6
1373,snqdma0s,1
1881,snqdma0s,2
1867,snqdma0s,1
1105,snqdma0s,2
1016,1pq6dkl5,1
1222,1pq6dkl5,1
1625,1pq6dkl5,1
1130,1pq6dkl5,1
1096,1pq6dkl5,1
1211,1pq6dkl5,1
1093,1pq6dkl5,1
1435,1pq6dkl5,3
1357,1pq6dkl5,2
1068,1pq6dkl5,3
1363,1pq6dkl5,1
1715,1pq6dkl5,1
1299,1pq6dkl5,1
1305,1pq6dkl5,2
1952,1pq6dkl5,1
1001,1pq6dkl5,1
1646,1pq6dkl5,1
1011,1pq6dkl5,3
1337,1pq6dkl5,1
1014,1pq6dkl5,1
1319,1pq6dkl5,1
1001,402ls2aq,1
1362,402ls2aq,1
1911,402ls2aq,1
1970,402ls2aq,1
1219,402ls2aq,2
1431,402ls2aq,2
1769,402ls2aq,1
1967,402ls2aq,1
1363,402ls2aq,3
1606,402ls2aq,1
1572,402ls2aq,1
1666,402ls2aq,3
1909,402ls2aq,1
1881,402ls2aq,2
1011,402ls2aq,2
1034,402ls2aq,3
1323,402ls2aq,1
1168,402ls2aq,1
1033,402ls2aq,1
1023,754nln40,1
1038,754nln40,1
1028,754nln40,1
1057,754nln40,2
1960,754nln40,1
1591,754nln40,1
1444,754nln40,2
1411,754nln40,1
1847,754nln40,2
1133,754nln40,1
1806,754nln40,2
1103,754nln40,1
1689,754nln40,1
1011,754nln40,1
1138,754nln40,1
1729,4mnaicki,1
1089,4mnaicki,1
1466,4mnaicki,1
1051,4mnaicki,2
1244,4mnaicki,1
1546,4mnaicki,2
1096,4mnaicki,1
1755,4mnaicki,2
1363,4mnaicki,1
1451,4mnaicki,1
1033,4mnaicki,1
1631,4mnaicki,1
1098,4mnaicki,1
1315,4mnaicki,1
1670,4mnaicki,1
1028,4mnaicki,1
1011,4mnaicki,3
1623,4mnaicki,1
1317,4mnaicki,1
1001,4mnaicki,2
1874,4mnaicki,1
1010,4mnaicki,1
1137,4mnaicki,1
1893,ztkjm79p,1
1736,ztkjm79p,1
1011,ztkjm79p,1
1265,ztkjm79p,2
1389,ztkjm79p,1
1677,ztkjm79p,1
1746,ztkjm79p,1
1334,ztkjm79p,1
1362,ztkjm79p,1
1764,ztkjm79p,2
1633,ztkjm79p,7
1312,ztkjm79p,1
1098,ztkjm79p,1
1041,ztkjm79p,1
1481,ztkjm79p,2
1608,ztkjm79p,1
1765,ztkjm79p,2
1363,ztkjm79p,1
1962,ztkjm79p,1
1431,ztkjm79p,1
1174,ztkjm79p,1
1970,ztkjm79p,1
1625,ztkjm79p,1
1068,ztkjm79p,1
1623,ztkjm79p,2
1507,p34ezktf,1
1011,p34ezktf,1
1015,p34ezktf,1
1238,p34ezktf,1
1840,p34ezktf,1
1859,p34ezktf,1
1945,p34ezktf,1
1944,p34ezktf,1
1783,p34ezktf,1
1093,p34ezktf,1
1970,p34ezktf,1
1323,p34ezktf,1
1698,p34ezktf,2
1949,p34ezktf,1
1297,p34ezktf,1
1410,p34ezktf,1
1585,p34ezktf,1
1293,0fitbwuv,1
1062,0fitbwuv,1
1561,0fitbwuv,1
1012,0fitbwuv,2
1310,0fitbwuv,3
1698,0fitbwuv,1
1625,0fitbwuv,1
1238,0fitbwuv,1
1746,0fitbwuv,1
1734,0fitbwuv,2
1099,0fitbwuv,1
1011,0fitbwuv,1
1082,0fitbwuv,1
1717,0fitbwuv,1
1047,0fitbwuv,1
1028,zjufx4fo,1
1029,zjufx4fo,1
1030,zjufx4fo,1
1031,zjufx4fo,1
1032,zjufx4fo,1
1033,zjufx4fo,1
1034,zjufx4fo,1
1035,zjufx4fo,1
1031,zjufx4fo,2
1036,zjufx4fo,1
1037,zjufx4fo,1
1038,zjufx4fo,1
1039,zjufx4fo,1
1040,zjufx4fo,1
1041,zjufx4fo,1
1042,zjufx4fo,1
1121,wzj2glte,1
1122,wzj2glte,1
1123,wzj2glte,1
1124,wzj2glte,1
1125,wzj2glte,1
1126,wzj2glte,1
1127,wzj2glte,1
1158,2sfqsfm1,1
1127,2sfqsfm1,1
1159,2sfqsfm1,1
1204,i0zym7iq,1
1246,5yhe786e,1
1247,5yhe786e,1
1248,5yhe786e,1
1249,5yhe786e,1
1250,5yhe786e,1
1251,5yhe786e,1
1252,5yhe786e,1
1239,5yhe786e,1
1253,5yhe786e,1
1254,5yhe786e,1
1007,5yhe786e,1
1312,xqhn0vbp,1
1382,gi6uaa83,1
1168,gi6uaa83,1
1383,gi6uaa83,1
1384,gi6uaa83,1
1385,gi6uaa83,1
1386,gi6uaa83,1
1387,gi6uaa83,1
1388,gi6uaa83,1
1389,gi6uaa83,1
1390,gi6uaa83,1
1391,gi6uaa83,1
1392,gi6uaa83,1
1393,gi6uaa83,1
1394,gi6uaa83,1
1395,gi6uaa83,1
1396,gi6uaa83,1
1397,gi6uaa83,1
1398,gi6uaa83,1
1399,gi6uaa83,1
1400,gi6uaa83,1
1401,gi6uaa83,1
1402,gi6uaa83,1
1403,gi6uaa83,1
1404,gi6uaa83,1
1405,0m32ecnu,1
1406,0m32ecnu,1
1407,0m32ecnu,1
1005,0m32ecnu,1
1462,8qnrcgnk,1
1312,fy4w7xz8,1
1559,fy4w7xz8,1
1087,fy4w7xz8,1
1560,fy4w7xz8,1
1363,fy4w7xz8,1
1561,fy4w7xz8,1
1562,fy4w7xz8,1
1563,fy4w7xz8,1
1564,fy4w7xz8,1
1093,jg13scgo,1
1629,jg13scgo,1
1630,jg13scgo,1
1312,0qaoam29,1
1689,0qaoam29,1
1690,0qaoam29,1
1691,0qaoam29,1
1692,0qaoam29,1
1693,0qaoam29,1
1312,qj4dh6rg,1
1753,qj4dh6rg,1
1754,qj4dh6rg,1
1134,qj4dh6rg,1
1312,1wswi7us,1
1597,1wswi7us,1
1717,1wswi7us,1
1155,1wswi7us,1
1795,1wswi7us,1
1033,1wswi7us,1
1796,1wswi7us,1
1797,1wswi7us,1
1798,1wswi7us,1
1212,1wswi7us,1
1096,1wswi7us,1
1305,1wswi7us,1
1015,1wswi7us,1
1015,1wswi7us,2
1799,1wswi7us,1
1800,1wswi7us,1
1801,1wswi7us,1
1802,1wswi7us,1
1174,1wswi7us,1
1803,1wswi7us,1
1045,1wswi7us,1
1849,yy96yeu9,1
1850,yy96yeu9,1
1851,yy96yeu9,1
1852,yy96yeu9,1
1327,yy96yeu9,1
1015,yy96yeu9,1
1363,yy96yeu9,1
1382,yy96yeu9,1
1312,1ul8owic,1
1940,1ul8owic,1
1941,1ul8owic,1
1571,5s6acr7m,1
1705,5s6acr7m,1
1989,5s6acr7m,1
1990,5s6acr7m,1
1991,5s6acr7m,1
1992,5s6acr7m,1
1993,5tkvsudh,1
1994,5tkvsudh,1
1995,5tkvsudh,1
1036,5tkvsudh,1
1222,5tkvsudh,1
1996,5tkvsudh,1
1038,5tkvsudh,1
1997,5tkvsudh,1
1998,5tkvsudh,1
1010,5tkvsudh,1
1011,5tkvsudh,1
1038,5tkvsudh,2
1999,5tkvsudh,1
1998,5tkvsudh,2
1141,5tkvsudh,1
1996,5tkvsudh,2
1103,5tkvsudh,1
1529,5tkvsudh,1
1010,5tkvsudh,2
1075,6lvn10f4,1
1321,tvxpckxo,1
1105,tvxpckxo,1
1107,tvxpckxo,1
1011,mcuixluu,1
1574,mcuixluu,1
1011,mcuixluu,2
1381,mcuixluu,1
1519,mcuixluu,1
1132,mcuixluu,1
1519,mcuixluu,2
1033,kuybfc1y,1
1536,kuybfc1y,1
1565,ng4rrdte,1
1896,ng4rrdte,1
1746,ng4rrdte,1
1727,ng4rrdte,1
1565,ng4rrdte,2
1446,ng4rrdte,1
1312,pwsvhitd,1
1045,pwsvhitd,1
1121,pwsvhitd,1
1036,pwsvhitd,1
1908,pwsvhitd,1
1312,wt8zfqk0,1
1011,wt8zfqk0,1
1970,wt8zfqk0,1
1026,wt8zfqk0,1
1250,wt8zfqk0,1
1107,wt8zfqk0,1
1312,5gsbtfag,1
1757,5gsbtfag,1
1107,5gsbtfag,1
1312,fpj5urao,1
1689,fpj5urao,1
1316,fpj5urao,1
1073,fpj5urao,1
1034,fpj5urao,1
1168,fpj5urao,1
1757,fpj5urao,1
1896,eiqypt0m,1
1874,eiqypt0m,1
1312,lwla5ugt,1
1402,lwla5ugt,1
1909,lwla5ugt,1
1756,lwla5ugt,1
1312,8zwsi4nk,1
1312,t20z4mtt,1
1519,t20z4mtt,1
1033,t20z4mtt,1
1928,t20z4mtt,1
1929,t20z4mtt,1
1012,t20z4mtt,1
1928,t20z4mtt,2
1929,t20z4mtt,2
1312,0gmtnkbh,1
1787,0gmtnkbh,1
1122,0gmtnkbh,1
1312,rrhh2alf,1
1717,rrhh2alf,1
1284,rrhh2alf,1
1544,rrhh2alf,1
1274,rrhh2alf,1
1045,rrhh2alf,1
1736,rrhh2alf,1
1312,sgmk96vr,1
1636,sgmk96vr,1
1312,di0fcy0j,1
1488,di0fcy0j,1
1045,di0fcy0j,1
1484,di0fcy0j,1
1475,di0fcy0j,1
1901,di0fcy0j,1
1769,di0fcy0j,1
1312,v95fzp8n,1
1363,v95fzp8n,1
1312,52vixim5,1
1312,47ema2dq,1
1805,47ema2dq,1
1312,qg0fsliy,1
1096,qg0fsliy,1
1757,qg0fsliy,1
1631,qg0fsliy,1
1011,p7um7o87,1
1921,p7um7o87,1
1103,p7um7o87,1
1167,p7um7o87,1
1224,p7um7o87,1
1031,p7um7o87,1
1909,p7um7o87,1
1261,3k1tiuby,1
1012,3k1tiuby,1
1261,3k1tiuby,2
1272,3k1tiuby,1
1312,xvi5miqw,1
1045,xvi5miqw,1
1296,xvi5miqw,1
1633,xvi5miqw,1
1265,xvi5miqw,1
1701,1i36lsj2,1
1892,1i36lsj2,1
1431,1i36lsj2,1
1107,1i36lsj2,1
1529,1i36lsj2,1
1469,1i36lsj2,1
1702,1i36lsj2,1
1312,4k8f7ou1,1
1098,4k8f7ou1,1
1115,4k8f7ou1,1
1423,4k8f7ou1,1
1424,4k8f7ou1,1
1466,4k8f7ou1,1
1475,4k8f7ou1,1
1330,4k8f7ou1,1
1884,4k8f7ou1,1
1025,4k8f7ou1,1
1786,wnnsmx60,1
1011,wnnsmx60,1
1312,0s6ort9f,1
1805,0s6ort9f,1
1962,0s6ort9f,1
1860,0s6ort9f,1
1231,0s6ort9f,1
1305,0s6ort9f,1
1363,0s6ort9f,1
1633,0s6ort9f,1
1625,0s6ort9f,1
1361,zl5lgcog,1
1736,zl5lgcog,1
1331,2su7oqbz,1
1813,yba7mdtb,1
1245,yba7mdtb,1
1312,ic4d9dhk,1
1583,ic4d9dhk,1
1689,jh9e85c0,1
1950,jh9e85c0,1
1312,xtg0e142,1
1681,xtg0e142,1
1312,e6e5nvn9,1
1165,e6e5nvn9,1
1312,q1y8uscj,1
1843,q1y8uscj,1
1706,q1y8uscj,1
1113,q1y8uscj,1
1389,lgcmamfb,1
1829,lgcmamfb,1
1736,lgcmamfb,1
1105,lgcmamfb,1
1737,lgcmamfb,1
1312,4u2re1cu,1
1923,4u2re1cu,1
1217,4u2re1cu,1
1122,4u2re1cu,1
1884,4u2re1cu,1
1122,4u2re1cu,2
1016,e62cfqt7,1
1017,e62cfqt7,1
1779,04cuk2cn,1
1822,04cuk2cn,1
1930,04cuk2cn,1
1967,04cuk2cn,1
1247,04cuk2cn,1
1736,04cuk2cn,1
1625,mvxz7lx7,1
1312,m9rg6d3w,1
1256,m9rg6d3w,1
1529,m9rg6d3w,1
1368,m9rg6d3w,1
1336,m9rg6d3w,1
1229,m9rg6d3w,1
1312,4cvy9u28,1
1009,4cvy9u28,1
1011,4cvy9u28,1
1386,4cvy9u28,1
1011,4cvy9u28,2
1574,4cvy9u28,1
1011,4cvy9u28,3
1624,4cvy9u28,1
1165,4cvy9u28,1
1805,4cvy9u28,1
1319,4cvy9u28,1
1970,4cvy9u28,1
1362,4cvy9u28,1
1608,4cvy9u28,1
1431,4cvy9u28,1
1970,4cvy9u28,2
1469,4cvy9u28,1
1970,4cvy9u28,3
1362,4cvy9u28,2
1481,4cvy9u28,1
1970,4cvy9u28,4
1312,89xnnvuv,1
1209,89xnnvuv,1
1245,zowp10ts,1
1011,jw1lxwyd,1
1952,jw1lxwyd,1
1840,jw1lxwyd,1
1052,jw1lxwyd,1
1073,jw1lxwyd,1
1231,jw1lxwyd,1
1531,xiv9vxdp,1
1818,xiv9vxdp,1
1769,xiv9vxdp,1
1075,5dk231qs,1
1416,5dk231qs,1
1011,5dk231qs,1
1248,5dk231qs,1
1930,5dk231qs,1
1075,5dk231qs,2
1038,5dk231qs,1
1744,snqdma0s,1
1138,snqdma0s,1
1909,snqdma0s,1
1068,1pq6dkl5,1
1211,1pq6dkl5,1
1299,1pq6dkl5,1
1881,402ls2aq,1
1323,402ls2aq,1
1591,754nln40,1
1847,754nln40,1
1960,754nln40,1
1411,754nln40,1
1103,754nln40,1
1138,754nln40,1
1444,754nln40,1
1806,754nln40,1
1689,754nln40,1
1451,4mnaicki,1
1755,4mnaicki,1
1363,4mnaicki,1
1755,4mnaicki,2
1874,4mnaicki,1
1010,4mnaicki,1
1312,ztkjm79p,1
1431,ztkjm79p,1
1098,ztkjm79p,1
1028,zjufx4fo,1
1029,zjufx4fo,1
1030,zjufx4fo,1
1031,zjufx4fo,1
1032,zjufx4fo,1
1033,zjufx4fo,1
1034,zjufx4fo,1
1035,zjufx4fo,1
1031,zjufx4fo,2
1036,zjufx4fo,1
1037,zjufx4fo,1
1038,zjufx4fo,1
1039,zjufx4fo,1
1040,zjufx4fo,1
1041,zjufx4fo,1
1042,zjufx4fo,1
1121,wzj2glte,1
1122,wzj2glte,1
1123,wzj2glte,1
1124,wzj2glte,1
1125,wzj2glte,1
1126,wzj2glte,1
1127,wzj2glte,1
1158,2sfqsfm1,1
1127,2sfqsfm1,1
1159,2sfqsfm1,1
1204,i0zym7iq,1
1246,5yhe786e,1
1247,5yhe786e,1
1248,5yhe786e,1
1249,5yhe786e,1
1250,5yhe786e,1
1251,5yhe786e,1
1252,5yhe786e,1
1239,5yhe786e,1
1253,5yhe786e,1
1254,5yhe786e,1
1007,5yhe786e,1
1312,xqhn0vbp,1
1382,gi6uaa83,1
1168,gi6uaa83,1
1383,gi6uaa83,1
1384,gi6uaa83,1
1385,gi6uaa83,1
1386,gi6uaa83,1
1387,gi6uaa83,1
1388,gi6uaa83,1
1389,gi6uaa83,1
1390,gi6uaa83,1
1391,gi6uaa83,1
1392,gi6uaa83,1
1393,gi6uaa83,1
1394,gi6uaa83,1
1395,gi6uaa83,1
1396,gi6uaa83,1
1397,gi6uaa83,1
1398,gi6uaa83,1
1399,gi6uaa83,1
1400,gi6uaa83,1
1401,gi6uaa83,1
1402,gi6uaa83,1
1403,gi6uaa83,1
1404,gi6uaa83,1
1405,0m32ecnu,1
1406,0m32ecnu,1
1407,0m32ecnu,1
1005,0m32ecnu,1
1462,8qnrcgnk,1
1312,fy4w7xz8,1
1559,fy4w7xz8,1
1087,fy4w7xz8,1
1560,fy4w7xz8,1
1363,fy4w7xz8,1
1561,fy4w7xz8,1
1562,fy4w7xz8,1
1563,fy4w7xz8,1
1564,fy4w7xz8,1
1093,jg13scgo,1
1629,jg13scgo,1
1630,jg13scgo,1
1312,0qaoam29,1
1689,0qaoam29,1
1690,0qaoam29,1
1691,0qaoam29,1
1692,0qaoam29,1
1693,0qaoam29,1
1312,qj4dh6rg,1
1753,qj4dh6rg,1
1754,qj4dh6rg,1
1134,qj4dh6rg,1
1312,1wswi7us,1
1597,1wswi7us,1
1717,1wswi7us,1
1155,1wswi7us,1
1795,1wswi7us,1
1033,1wswi7us,1
1796,1wswi7us,1
1797,1wswi7us,1
1798,1wswi7us,1
1212,1wswi7us,1
1096,1wswi7us,1
1305,1wswi7us,1
1015,1wswi7us,1
1015,1wswi7us,2
1799,1wswi7us,1
1800,1wswi7us,1
1801,1wswi7us,1
1802,1wswi7us,1
1174,1wswi7us,1
1803,1wswi7us,1
1045,1wswi7us,1
1849,yy96yeu9,1
1850,yy96yeu9,1
1851,yy96yeu9,1
1852,yy96yeu9,1
1327,yy96yeu9,1
1015,yy96yeu9,1
1363,yy96yeu9,1
1382,yy96yeu9,1
1312,1ul8owic,1
1940,1ul8owic,1
1941,1ul8owic,1
1571,5s6acr7m,1
1705,5s6acr7m,1
1989,5s6acr7m,1
1990,5s6acr7m,1
1991,5s6acr7m,1
1992,5s6acr7m,1
1993,5tkvsudh,1
1994,5tkvsudh,1
1995,5tkvsudh,1
1036,5tkvsudh,1
1222,5tkvsudh,1
1996,5tkvsudh,1
1038,5tkvsudh,1
1997,5tkvsudh,1
1998,5tkvsudh,1
1010,5tkvsudh,1
1011,5tkvsudh,1
1038,5tkvsudh,2
1999,5tkvsudh,1
1998,5tkvsudh,2
1141,5tkvsudh,1
1996,5tkvsudh,2
1103,5tkvsudh,1
1529,5tkvsudh,1
1010,5tkvsudh,2
1075,6lvn10f4,1
1321,tvxpckxo,1
1105,tvxpckxo,1
1107,tvxpckxo,1
1011,mcuixluu,1
1574,mcuixluu,1
1011,mcuixluu,2
1381,mcuixluu,1
1519,mcuixluu,1
1132,mcuixluu,1
1519,mcuixluu,2
1033,kuybfc1y,1
1536,kuybfc1y,1
1565,ng4rrdte,1
1896,ng4rrdte,1
1746,ng4rrdte,1
1727,ng4rrdte,1
1565,ng4rrdte,2
1446,ng4rrdte,1
1312,pwsvhitd,1
1045,pwsvhitd,1
1121,pwsvhitd,1
1036,pwsvhitd,1
1908,pwsvhitd,1
1312,wt8zfqk0,1
1011,wt8zfqk0,1
1970,wt8zfqk0,1
1026,wt8zfqk0,1
1250,wt8zfqk0,1
1107,wt8zfqk0,1
1312,5gsbtfag,1
1757,5gsbtfag,1
1107,5gsbtfag,1
1312,fpj5urao,1
1689,fpj5urao,1
1316,fpj5urao,1
1073,fpj5urao,1
1034,fpj5urao,1
1168,fpj5urao,1
1757,fpj5urao,1
1896,eiqypt0m,1
1874,eiqypt0m,1
1312,lwla5ugt,1
1402,lwla5ugt,1
1909,lwla5ugt,1
1756,lwla5ugt,1
1312,8zwsi4nk,1
1312,t20z4mtt,1
1519,t20z4mtt,1
1033,t20z4mtt,1
1928,t20z4mtt,1
1929,t20z4mtt,1
1012,t20z4mtt,1
1928,t20z4mtt,2
1929,t20z4mtt,2
1312,0gmtnkbh,1
1787,0gmtnkbh,1
1122,0gmtnkbh,1
1312,rrhh2alf,1
1717,rrhh2alf,1
1284,rrhh2alf,1
1544,rrhh2alf,1
1274,rrhh2alf,1
1045,rrhh2alf,1
1736,rrhh2alf,1
1312,sgmk96vr,1
1636,sgmk96vr,1
1312,di0fcy0j,1
1488,di0fcy0j,1
1045,di0fcy0j,1
1484,di0fcy0j,1
1475,di0fcy0j,1
1901,di0fcy0j,1
1769,di0fcy0j,1
1312,v95fzp8n,1
1363,v95fzp8n,1
1312,52vixim5,1
1312,47ema2dq,1
1805,47ema2dq,1
1312,qg0fsliy,1
1096,qg0fsliy,1
1757,qg0fsliy,1
1631,qg0fsliy,1
1011,p7um7o87,1
1921,p7um7o87,1
1103,p7um7o87,1
1167,p7um7o87,1
1224,p7um7o87,1
1031,p7um7o87,1
1909,p7um7o87,1
1261,3k1tiuby,1
1012,3k1tiuby,1
1261,3k1tiuby,2
1272,3k1tiuby,1
1312,xvi5miqw,1
1045,xvi5miqw,1
1296,xvi5miqw,1
1633,xvi5miqw,1
1265,xvi5miqw,1
1701,1i36lsj2,1
1892,1i36lsj2,1
1431,1i36lsj2,1
1107,1i36lsj2,1
1529,1i36lsj2,1
1469,1i36lsj2,1
1702,1i36lsj2,1
1312,4k8f7ou1,1
1098,4k8f7ou1,1
1115,4k8f7ou1,1
1423,4k8f7ou1,1
1424,4k8f7ou1,1
1466,4k8f7ou1,1
1475,4k8f7ou1,1
1330,4k8f7ou1,1
1884,4k8f7ou1,1
1025,4k8f7ou1,1
1786,wnnsmx60,1
1011,wnnsmx60,1
1312,0s6ort9f,1
1805,0s6ort9f,1
1962,0s6ort9f,1
1860,0s6ort9f,1
1231,0s6ort9f,1
1305,0s6ort9f,1
1363,0s6ort9f,1
1633,0s6ort9f,1
1625,0s6ort9f,1
1361,zl5lgcog,1
1736,zl5lgcog,1
1331,2su7oqbz,1
1813,yba7mdtb,1
1245,yba7mdtb,1
1312,ic4d9dhk,1
1583,ic4d9dhk,1
1689,jh9e85c0,1
1950,jh9e85c0,1
1312,xtg0e142,1
1681,xtg0e142,1
1312,e6e5nvn9,1
1165,e6e5nvn9,1
1312,q1y8uscj,1
1843,q1y8uscj,1
1706,q1y8uscj,1
1113,q1y8uscj,1
1389,lgcmamfb,1
1829,lgcmamfb,1
1736,lgcmamfb,1
1105,lgcmamfb,1
1737,lgcmamfb,1
1312,4u2re1cu,1
1923,4u2re1cu,1
1217,4u2re1cu,1
1122,4u2re1cu,1
1884,4u2re1cu,1
1122,4u2re1cu,2
1016,e62cfqt7,1
1017,e62cfqt7,1
1779,04cuk2cn,1
1822,04cuk2cn,1
1930,04cuk2cn,1
1967,04cuk2cn,1
1247,04cuk2cn,1
1736,04cuk2cn,1
1625,mvxz7lx7,1
1312,m9rg6d3w,1
1256,m9rg6d3w,1
1529,m9rg6d3w,1
1368,m9rg6d3w,1
1336,m9rg6d3w,1
1229,m9rg6d3w,1
1312,4cvy9u28,1
1009,4cvy9u28,1
1011,4cvy9u28,1
1386,4cvy9u28,1
1011,4cvy9u28,2
1574,4cvy9u28,1
1011,4cvy9u28,3
1624,4cvy9u28,1
1165,4cvy9u28,1
1805,4cvy9u28,1
1319,4cvy9u28,1
1970,4cvy9u28,1
1362,4cvy9u28,1
1608,4cvy9u28,1
1431,4cvy9u28,1
1970,4cvy9u28,2
1469,4cvy9u28,1
1970,4cvy9u28,3
1362,4cvy9u28,2
1481,4cvy9u28,1
1970,4cvy9u28,4
1312,89xnnvuv,1
1209,89xnnvuv,1
1245,zowp10ts,1
1011,jw1lxwyd,1
1952,jw1lxwyd,1
1840,jw1lxwyd,1
1052,jw1lxwyd,1
1073,jw1lxwyd,1
1231,jw1lxwyd,1
1531,xiv9vxdp,1
1818,xiv9vxdp,1
1769,xiv9vxdp,1
1075,5dk231qs,1
1416,5dk231qs,1
1011,5dk231qs,1
1248,5dk231qs,1
1930,5dk231qs,1
1075,5dk231qs,2
1038,5dk231qs,1
1744,snqdma0s,1
1138,snqdma0s,1
1909,snqdma0s,1
1068,1pq6dkl5,1
1211,1pq6dkl5,1
1299,1pq6dkl5,1
1881,402ls2aq,1
1323,402ls2aq,1
1591,754nln40,1
1847,754nln40,1
1960,754nln40,1
1411,754nln40,1
1103,754nln40,1
1138,754nln40,1
1444,754nln40,1
1806,754nln40,1
1689,754nln40,1
1451,4mnaicki,1
1755,4mnaicki,1
1363,4mnaicki,1
1755,4mnaicki,2
1874,4mnaicki,1
1010,4mnaicki,1
1312,ztkjm79p,1
1431,ztkjm79p,1
1098,ztkjm79p,1
